kalshi_series,polymarket_family,pairs,baskets,best_return_pct,example_a,example_b,url_a,url_b
KXTITLEDTUESTOP,titled-*-<date>,4,0,,Titled Tuesday Top 8: Oct 13 — Seyyed Mohammad Amin Tabatabaei,Will Seyyed Mohammad Amin Tabatabaei finish in the Top 8 of Titled Tuesday on October 13?,https://kalshi.com/markets/kxtitledtuestop/kxtitledtuestop-26oct13t8,https://polymarket.com/event/titled-tuesday-2026-10-13-top8/titled-tuesday-2026-10-13-top8-seyyed-mohammad-amin-tabatabaei
KXBELGIANPLBTTS,bel1-*-<date>,3,0,,Zulte Waregem vs Gent: BTTS — Both Teams To Score,SV Zulte Waregem vs. KAA Gent: Both Teams to Score,https://kalshi.com/markets/kxbelgianplbtts/kxbelgianplbtts-26oct10zulkaa,https://polymarket.com/event/bel1-zul-kaa-2026-10-10-more-markets/bel1-zul-kaa-2026-10-10-btts
KXLIGUE11HBTTS,fl1-*-<date>,3,0,,Stade Brest 29 vs Angers: First Half BTTS — 1st Half: Both Teams To Score,Stade Brestois 29 vs. Angers SCO: Both Teams to Score in First Half,https://kalshi.com/markets/kxligue11hbtts/kxligue11hbtts-26oct10stbang,https://polymarket.com/event/fl1-sbr-ang-2026-10-10-more-markets/fl1-sbr-ang-2026-10-10-btts-first-half
KXLIGUE1BTTS,fl1-*-<date>,3,0,,Stade Brest 29 vs Angers: BTTS — Both Teams To Score,Stade Brestois 29 vs. Angers SCO: Both Teams to Score,https://kalshi.com/markets/kxligue1btts/kxligue1btts-26oct10stbang,https://polymarket.com/event/fl1-sbr-ang-2026-10-10-more-markets/fl1-sbr-ang-2026-10-10-btts
KXARGPREMDIVBTTS,arg-*-<date>,2,0,,Central Cordoba vs Estudiantes La Plata: BTTS — Both Teams To Score,CA Central Córdoba vs. Estudiantes de La Plata: Both Teams to Score,https://kalshi.com/markets/kxargpremdivbtts/kxargpremdivbtts-26oct10ccelp,https://polymarket.com/event/arg-cac-est-2026-10-10-more-markets/arg-cac-est-2026-10-10-btts
KXECULPBTTS,ecu1-*-<date>,2,0,,Manta vs Tecnico Uni: BTTS — Both Teams To Score,Manta FC vs. CD Tecnico Universitario: Both Teams to Score,https://kalshi.com/markets/kxeculpbtts/kxeculpbtts-26oct10mantec,https://polymarket.com/event/ecu1-man-tec-2026-10-10-more-markets/ecu1-man-tec-2026-10-10-btts
KXISRPLBTTS,isr-*-<date>,2,0,,Maccabi Tel Aviv vs Bnei Sakhnin: BTTS — Both Teams To Score,Maccabi Tel Aviv FC vs. Bnei Sakhnin FC: Both Teams to Score,https://kalshi.com/markets/kxisrplbtts/kxisrplbtts-26oct10mtabns,https://polymarket.com/event/isr-mta-bns-2026-10-10-more-markets/isr-mta-bns-2026-10-10-btts
KXLALIGABTTS,lal-*-<date>,2,0,,Real Madrid vs Villarreal: BTTS — Both Teams To Score,Real Madrid CF vs. Villarreal CF: Both Teams to Score,https://kalshi.com/markets/kxlaligabtts/kxlaligabtts-26oct10rmavil,https://polymarket.com/event/lal-rea-vil-2026-10-10-more-markets/lal-rea-vil-2026-10-10-btts
KXLIGUE1SCORE,fl1-*-<date>,2,0,,Paris Saint-Germain vs Le Mans FC: Correct Score — Le Mans FC wins 1-0,Exact Score: Paris Saint-Germain FC 0 - 1 Le Mans FC?,https://kalshi.com/markets/kxligue1score/kxligue1score-26oct10psgman,https://polymarket.com/event/fl1-psg-lmf-2026-10-10-exact-score/fl1-psg-lmf-2026-10-10-exact-score-0-1
KXBUNDESLIGA2HBTTS,bun-*-<date>,1,0,,Leipzig vs Frankfurt: Second Half BTTS — 2nd Half: Both Teams To Score,RB Leipzig vs. Eintracht Frankfurt: Both Teams to Score in Second Half,https://kalshi.com/markets/kxbundesliga2hbtts/kxbundesliga2hbtts-26oct10rblsge,https://polymarket.com/event/bun-lei-ein-2026-10-10-more-markets/bun-lei-ein-2026-10-10-btts-second-half
KXBUNDESLIGABTTS,bun-*-<date>,1,0,,Leipzig vs Frankfurt: BTTS — Both Teams To Score,RB Leipzig vs. Eintracht Frankfurt: Both Teams to Score,https://kalshi.com/markets/kxbundesligabtts/kxbundesligabtts-26oct10rblsge,https://polymarket.com/event/bun-lei-ein-2026-10-10-more-markets/bun-lei-ein-2026-10-10-btts
KXEKSTRAKLASABTTS,pol-*-<date>,1,0,,Jagiellonia vs Gornik Zabrze: BTTS — Both Teams To Score,Jagiellonia Bialystok vs. Gornik Zabrze: Both Teams to Score,https://kalshi.com/markets/kxekstraklasabtts/kxekstraklasabtts-26oct10jaggor,https://polymarket.com/event/pol-jag-gor-2026-10-10-more-markets/pol-jag-gor-2026-10-10-btts
KXEPL2HBTTS,epl-*-<date>,1,0,,Manchester United vs Tottenham: Second Half BTTS — 2nd Half: Both Teams To Score,Manchester United FC vs. Tottenham Hotspur FC: Both Teams to Score in Second Half,https://kalshi.com/markets/kxepl2hbtts/kxepl2hbtts-26oct10muntot,https://polymarket.com/event/epl-mun-tot-2026-10-10-more-markets/epl-mun-tot-2026-10-10-btts-second-half
KXEPLBTTS,epl-*-<date>,1,0,,Manchester United vs Tottenham: BTTS — Both Teams To Score,Manchester United FC vs. Tottenham Hotspur FC: Both Teams to Score,https://kalshi.com/markets/kxeplbtts/kxeplbtts-26oct10muntot,https://polymarket.com/event/epl-mun-tot-2026-10-10-more-markets/epl-mun-tot-2026-10-10-btts
KXFTCAIBOOKS,ftc-opens-investigation-into-ai-book-destruction-in-2026,1,0,,FTC investigation into AI book destruction in 2026?,FTC opens investigation into AI book destruction in 2026?,https://kalshi.com/markets/kxftcaibooks/kxftcaibooks-26aug,https://polymarket.com/event/ftc-opens-investigation-into-ai-book-destruction-in-2026
KXLALIGA1HBTTS,lal-*-<date>,1,0,,Real Madrid vs Villarreal: First Half BTTS — 1st Half: Both Teams To Score,Real Madrid CF vs. Villarreal CF: Both Teams to Score in First Half,https://kalshi.com/markets/kxlaliga1hbtts/kxlaliga1hbtts-26oct10rmavil,https://polymarket.com/event/lal-rea-vil-2026-10-10-more-markets/lal-rea-vil-2026-10-10-btts-first-half
KXLALIGA2HBTTS,lal-*-<date>,1,0,,Real Madrid vs Villarreal: Second Half BTTS — 2nd Half: Both Teams To Score,Real Madrid CF vs. Villarreal CF: Both Teams to Score in Second Half,https://kalshi.com/markets/kxlaliga2hbtts/kxlaliga2hbtts-26oct10rmavil,https://polymarket.com/event/lal-rea-vil-2026-10-10-more-markets/lal-rea-vil-2026-10-10-btts-second-half
KXLIGAPORTUGAL1HBTTS,por-*-<date>,1,0,,Casa Pia vs Santa Clara Azores: First Half BTTS — 1st Half: Both Teams To Score,Casa Pia AC vs. CD Santa Clara: Both Teams to Score in First Half,https://kalshi.com/markets/kxligaportugal1hbtts/kxligaportugal1hbtts-26oct10casscl,https://polymarket.com/event/por-cas-cds-2026-10-10-more-markets/por-cas-cds-2026-10-10-btts-first-half
KXLIGAPORTUGALBTTS,por-*-<date>,1,0,,Casa Pia vs Santa Clara Azores: BTTS — Both Teams To Score,Casa Pia AC vs. CD Santa Clara: Both Teams to Score,https://kalshi.com/markets/kxligaportugalbtts/kxligaportugalbtts-26oct10casscl,https://polymarket.com/event/por-cas-cds-2026-10-10-more-markets/por-cas-cds-2026-10-10-btts
KXMLS2HBTTS,mls-*-<date>,1,0,,Chicago Fire vs New York City: Second Half BTTS — 2nd Half: Both Teams To Score,Chicago Fire FC vs. New York City FC: Both Teams to Score in Second Half,https://kalshi.com/markets/kxmls2hbtts/kxmls2hbtts-26oct10chinyc,https://polymarket.com/event/mls-chi-nyc-2026-10-10-more-markets/mls-chi-nyc-2026-10-10-btts-second-half
KXNETFLIXRANKSHOWGLOBAL2,what-will-be-the-2-global-netflix-show-this-week,1,0,,#2 Global Netflix Show this week? — East of Eden: Limited Series,"Will ""East of Eden: Limited Series"" be the #2 global Netflix show this week?",https://kalshi.com/markets/kxnetflixrankshowglobal2/kxnetflixrankshowglobal2-26oct12,https://polymarket.com/event/what-will-be-the-2-global-netflix-show-this-week-20261006t230000000z/what-will-be-the-2-global-netflix-show-this-week-20261006t230000000z-will-east-of-eden-limited-series-be-the-2-global-netflix-show-this-week
KXSERIEA1HBTTS,sea-*-<date>,1,0,,Napoli vs Frosinone: First Half BTTS — 1st Half: Both Teams To Score,SSC Napoli vs. Frosinone Calcio: Both Teams to Score in First Half,https://kalshi.com/markets/kxseriea1hbtts/kxseriea1hbtts-26oct10napfro,https://polymarket.com/event/sea-nap-fro-2026-10-10-more-markets/sea-nap-fro-2026-10-10-btts-first-half
KXSERIEABTTS,sea-*-<date>,1,0,,Napoli vs Frosinone: BTTS — Both Teams To Score,SSC Napoli vs. Frosinone Calcio: Both Teams to Score,https://kalshi.com/markets/kxserieabtts/kxserieabtts-26oct10napfro,https://polymarket.com/event/sea-nap-fro-2026-10-10-more-markets/sea-nap-fro-2026-10-10-btts
KXSERIEBBTTS,itsb-*-<date>,1,0,,Arezzo vs Cremonese: BTTS — Both Teams To Score,SS Arezzo vs. US Cremonese: Both Teams to Score,https://kalshi.com/markets/kxseriebbtts/kxseriebbtts-26oct10arecre,https://polymarket.com/event/itsb-are-cre-2026-10-10-more-markets/itsb-are-cre-2026-10-10-btts
KXSRBSLBTTS,srb-*-<date>,1,0,,Radnicki Kragujevac vs Crvena Zvezda: BTTS — Both Teams To Score,FK Radnicki 1923 Kragujevac vs. FK Crvena Zvezda Belgrade: Both Teams to Score,https://kalshi.com/markets/kxsrbslbtts/kxsrbslbtts-26oct10rkgczv,https://polymarket.com/event/srb-rkg-czv-2026-10-10-more-markets/srb-rkg-czv-2026-10-10-btts
KXSUPERLIGBTTS,tur-*-<date>,1,0,,Rizespor vs Fenerbahce: BTTS — Both Teams To Score,Çaykur Rizespor vs. Fenerbahçe SK: Both Teams to Score,https://kalshi.com/markets/kxsuperligbtts/kxsuperligbtts-26oct10rizfen,https://polymarket.com/event/tur-riz-fen-2026-10-10-more-markets/tur-riz-fen-2026-10-10-btts
KXSWISSLEAGUEBTTS,sui-*-<date>,1,0,,Lugano vs Luzern: BTTS — Both Teams To Score,FC Lugano vs. FC Luzern: Both Teams to Score,https://kalshi.com/markets/kxswissleaguebtts/kxswissleaguebtts-26oct10lugluz,https://polymarket.com/event/sui-lug-luz-2026-10-10-more-markets/sui-lug-luz-2026-10-10-btts
