market_id,market_name,contract_id,contract_name,implied_prob,best_buy_yes,best_sell_yes,best_buy_no,best_sell_no,last_trade_price,status,url,fetched_at
7589,How many House seats will Republicans win in the 2026 midterm election?,28361,192 or fewer,0.325,0.33,0.32,0.68,0.67,0.33,Open,https://www.predictit.org/markets/detail/7589,2026-10-07T10:35:52.738191+00:00
7589,How many House seats will Republicans win in the 2026 midterm election?,28362,193 to 197,0.17,0.18,0.16,0.84,0.82,0.17,Open,https://www.predictit.org/markets/detail/7589,2026-10-07T10:35:52.738241+00:00
7589,How many House seats will Republicans win in the 2026 midterm election?,28369,198 to 202,0.15,0.16,0.14,0.86,0.84,0.16,Open,https://www.predictit.org/markets/detail/7589,2026-10-07T10:35:52.738253+00:00
7589,How many House seats will Republicans win in the 2026 midterm election?,28367,203 to 207,0.145,0.15,0.14,0.86,0.85,0.15,Open,https://www.predictit.org/markets/detail/7589,2026-10-07T10:35:52.738260+00:00
7589,How many House seats will Republicans win in the 2026 midterm election?,28366,208 to 212,0.095,0.1,0.09,0.91,0.9,0.1,Open,https://www.predictit.org/markets/detail/7589,2026-10-07T10:35:52.738264+00:00
7589,How many House seats will Republicans win in the 2026 midterm election?,28370,213 to 217,0.065,0.07,0.06,0.94,0.93,0.07,Open,https://www.predictit.org/markets/detail/7589,2026-10-07T10:35:52.738268+00:00
7589,How many House seats will Republicans win in the 2026 midterm election?,28368,218 to 222,0.035,0.04,0.03,0.97,0.96,0.04,Open,https://www.predictit.org/markets/detail/7589,2026-10-07T10:35:52.738271+00:00
7589,How many House seats will Republicans win in the 2026 midterm election?,28365,223 to 227,0.025,0.03,0.02,0.98,0.97,0.03,Open,https://www.predictit.org/markets/detail/7589,2026-10-07T10:35:52.738275+00:00
7589,How many House seats will Republicans win in the 2026 midterm election?,28363,228 to 232,0.025,0.03,0.02,0.98,0.97,0.03,Open,https://www.predictit.org/markets/detail/7589,2026-10-07T10:35:52.738278+00:00
7589,How many House seats will Republicans win in the 2026 midterm election?,28364,233 to 237,0.025,0.03,0.02,0.98,0.97,0.03,Open,https://www.predictit.org/markets/detail/7589,2026-10-07T10:35:52.738282+00:00
7589,How many House seats will Republicans win in the 2026 midterm election?,28371,238 or more,0.025,0.03,0.02,0.98,0.97,0.03,Open,https://www.predictit.org/markets/detail/7589,2026-10-07T10:35:52.738285+00:00
8152,Who will win the 2028 Republican presidential nomination?,31925,JD Vance,0.41,0.42,0.4,0.6,0.58,0.41,Open,https://www.predictit.org/markets/detail/8152,2026-10-07T10:35:52.738294+00:00
8152,Who will win the 2028 Republican presidential nomination?,31930,Marco Rubio,0.175,0.18,0.17,0.83,0.82,0.17,Open,https://www.predictit.org/markets/detail/8152,2026-10-07T10:35:52.738297+00:00
8152,Who will win the 2028 Republican presidential nomination?,32069,Ron DeSantis,0.045,0.05,0.04,0.96,0.95,0.05,Open,https://www.predictit.org/markets/detail/8152,2026-10-07T10:35:52.738301+00:00
8152,Who will win the 2028 Republican presidential nomination?,31928,Donald Trump,0.035,0.04,0.03,0.97,0.96,0.03,Open,https://www.predictit.org/markets/detail/8152,2026-10-07T10:35:52.738305+00:00
8152,Who will win the 2028 Republican presidential nomination?,31929,Donald Trump Jr.,0.035,0.04,0.03,0.97,0.96,0.03,Open,https://www.predictit.org/markets/detail/8152,2026-10-07T10:35:52.738310+00:00
8152,Who will win the 2028 Republican presidential nomination?,31927,Ted Cruz,0.015,0.02,0.01,0.99,0.98,0.02,Open,https://www.predictit.org/markets/detail/8152,2026-10-07T10:35:52.738313+00:00
8152,Who will win the 2028 Republican presidential nomination?,31932,Glenn Youngkin,0.025,0.03,0.02,0.98,0.97,0.02,Open,https://www.predictit.org/markets/detail/8152,2026-10-07T10:35:52.738317+00:00
8152,Who will win the 2028 Republican presidential nomination?,31933,Brian Kemp,0.025,0.03,0.02,0.98,0.97,0.02,Open,https://www.predictit.org/markets/detail/8152,2026-10-07T10:35:52.738320+00:00
8152,Who will win the 2028 Republican presidential nomination?,34115,Tucker Carlson,0.025,0.03,0.02,0.98,0.97,0.02,Open,https://www.predictit.org/markets/detail/8152,2026-10-07T10:35:52.738323+00:00
8152,Who will win the 2028 Republican presidential nomination?,32829,M. Taylor Greene,0.015,0.02,0.01,0.99,0.98,0.01,Open,https://www.predictit.org/markets/detail/8152,2026-10-07T10:35:52.738339+00:00
8153,Who will win the 2028 Democratic presidential nomination?,32160,Jon Ossoff,0.175,0.18,0.17,0.83,0.82,0.17,Open,https://www.predictit.org/markets/detail/8153,2026-10-07T10:35:52.738349+00:00
8153,Who will win the 2028 Democratic presidential nomination?,31936,A. Ocasio-Cortez,0.145,0.15,0.14,0.86,0.85,0.14,Open,https://www.predictit.org/markets/detail/8153,2026-10-07T10:35:52.738354+00:00
8153,Who will win the 2028 Democratic presidential nomination?,31937,Gavin Newsom,0.135,0.14,0.13,0.87,0.86,0.13,Open,https://www.predictit.org/markets/detail/8153,2026-10-07T10:35:52.738357+00:00
8153,Who will win the 2028 Democratic presidential nomination?,31934,Kamala Harris,0.075,0.08,0.07,0.93,0.92,0.08,Open,https://www.predictit.org/markets/detail/8153,2026-10-07T10:35:52.738361+00:00
8153,Who will win the 2028 Democratic presidential nomination?,31935,Pete Buttigieg,0.075,0.08,0.07,0.93,0.92,0.07,Open,https://www.predictit.org/markets/detail/8153,2026-10-07T10:35:52.738364+00:00
8153,Who will win the 2028 Democratic presidential nomination?,31941,Andy Beshear,0.075,0.08,0.07,0.93,0.92,0.07,Open,https://www.predictit.org/markets/detail/8153,2026-10-07T10:35:52.738367+00:00
8153,Who will win the 2028 Democratic presidential nomination?,31940,Josh Shapiro,0.055,0.06,0.05,0.95,0.94,0.05,Open,https://www.predictit.org/markets/detail/8153,2026-10-07T10:35:52.738372+00:00
8153,Who will win the 2028 Democratic presidential nomination?,33094,Mark Kelly,0.055,0.06,0.05,0.95,0.94,0.04,Open,https://www.predictit.org/markets/detail/8153,2026-10-07T10:35:52.738378+00:00
8153,Who will win the 2028 Democratic presidential nomination?,31938,JB Pritzker,0.035,0.04,0.03,0.97,0.96,0.03,Open,https://www.predictit.org/markets/detail/8153,2026-10-07T10:35:52.738382+00:00
8153,Who will win the 2028 Democratic presidential nomination?,32387,Rahm Emanuel,0.03,0.04,0.02,0.98,0.96,0.03,Open,https://www.predictit.org/markets/detail/8153,2026-10-07T10:35:52.738385+00:00
8153,Who will win the 2028 Democratic presidential nomination?,33680,Ro Khanna,0.03,0.04,0.02,0.98,0.96,0.03,Open,https://www.predictit.org/markets/detail/8153,2026-10-07T10:35:52.738388+00:00
8153,Who will win the 2028 Democratic presidential nomination?,31939,Gretchen Whitmer,0.025,0.03,0.02,0.98,0.97,0.02,Open,https://www.predictit.org/markets/detail/8153,2026-10-07T10:35:52.738392+00:00
8153,Who will win the 2028 Democratic presidential nomination?,31942,Wes Moore,0.025,0.03,0.02,0.98,0.97,0.02,Open,https://www.predictit.org/markets/detail/8153,2026-10-07T10:35:52.738395+00:00
8153,Who will win the 2028 Democratic presidential nomination?,31944,Cory Booker,0.015,0.02,0.01,0.99,0.98,0.01,Open,https://www.predictit.org/markets/detail/8153,2026-10-07T10:35:52.738401+00:00
8153,Who will win the 2028 Democratic presidential nomination?,32017,Ruben Gallego,0.015,0.02,0.01,0.99,0.98,0.01,Open,https://www.predictit.org/markets/detail/8153,2026-10-07T10:35:52.738404+00:00
8155,Which party will control the Senate after the 2026 election?,31947,Democratic,0.65,0.67,0.63,0.37,0.33,0.64,Open,https://www.predictit.org/markets/detail/8155,2026-10-07T10:35:52.738412+00:00
8155,Which party will control the Senate after the 2026 election?,31948,Republican,0.375,0.38,0.37,0.63,0.62,0.37,Open,https://www.predictit.org/markets/detail/8155,2026-10-07T10:35:52.738416+00:00
8156,Which party will win the 2026 US Senate election in Georgia?,31950,Democratic,0.935,0.94,0.93,0.07,0.06,0.93,Open,https://www.predictit.org/markets/detail/8156,2026-10-07T10:35:52.738419+00:00
8156,Which party will win the 2026 US Senate election in Georgia?,31949,Republican,0.065,0.07,0.06,0.94,0.93,0.07,Open,https://www.predictit.org/markets/detail/8156,2026-10-07T10:35:52.738423+00:00
8157,Which party will win the House in the 2026 election?,31951,Democratic,0.9,0.91,0.89,0.11,0.09,0.9,Open,https://www.predictit.org/markets/detail/8157,2026-10-07T10:35:52.738426+00:00
8157,Which party will win the House in the 2026 election?,31952,Republican,0.115,0.12,0.11,0.89,0.88,0.12,Open,https://www.predictit.org/markets/detail/8157,2026-10-07T10:35:52.738429+00:00
8158,Which party will win the 2026 US Senate election in Michigan?,31954,Democratic,0.7,0.72,0.68,0.32,0.28,0.69,Open,https://www.predictit.org/markets/detail/8158,2026-10-07T10:35:52.738433+00:00
8158,Which party will win the 2026 US Senate election in Michigan?,31953,Republican,0.315,0.33,0.3,0.7,0.67,0.33,Open,https://www.predictit.org/markets/detail/8158,2026-10-07T10:35:52.738436+00:00
8159,Which party will win the 2026 US Senate election in Maine?,31956,Democratic,0.565,0.58,0.55,0.45,0.42,0.56,Open,https://www.predictit.org/markets/detail/8159,2026-10-07T10:35:52.738440+00:00
8159,Which party will win the 2026 US Senate election in Maine?,31955,Republican,0.435,0.44,0.43,0.57,0.56,0.44,Open,https://www.predictit.org/markets/detail/8159,2026-10-07T10:35:52.738445+00:00
8160,Which party will win the 2026 US Senate election in North Carolina?,31958,Democratic,0.965,0.97,0.96,0.04,0.03,0.96,Open,https://www.predictit.org/markets/detail/8160,2026-10-07T10:35:52.738448+00:00
8160,Which party will win the 2026 US Senate election in North Carolina?,31957,Republican,0.045,0.05,0.04,0.96,0.95,0.05,Open,https://www.predictit.org/markets/detail/8160,2026-10-07T10:35:52.738452+00:00
8161,Which party will win the 2026 US Senate election in New Hampshire?,31960,Democratic,0.85,0.86,0.84,0.16,0.14,0.86,Open,https://www.predictit.org/markets/detail/8161,2026-10-07T10:35:52.738455+00:00
8161,Which party will win the 2026 US Senate election in New Hampshire?,31959,Republican,0.15,0.16,0.14,0.86,0.84,0.14,Open,https://www.predictit.org/markets/detail/8161,2026-10-07T10:35:52.738459+00:00
8162,Which party will win the 2026 US Senate election in Minnesota?,31962,Democratic,0.88,0.9,0.86,0.14,0.1,0.86,Open,https://www.predictit.org/markets/detail/8162,2026-10-07T10:35:52.738462+00:00
8162,Which party will win the 2026 US Senate election in Minnesota?,31961,Republican,0.16,0.19,0.13,0.87,0.81,0.19,Open,https://www.predictit.org/markets/detail/8162,2026-10-07T10:35:52.738467+00:00
8163,How many Senate seats will the GOP control after the 2026 midterms?,31964,47 or fewer,0.375,0.38,0.37,0.63,0.62,0.38,Open,https://www.predictit.org/markets/detail/8163,2026-10-07T10:35:52.738471+00:00
8163,How many Senate seats will the GOP control after the 2026 midterms?,31968,48,0.175,0.18,0.17,0.83,0.82,0.17,Open,https://www.predictit.org/markets/detail/8163,2026-10-07T10:35:52.738476+00:00
8163,How many Senate seats will the GOP control after the 2026 midterms?,31969,49,0.155,0.16,0.15,0.85,0.84,0.15,Open,https://www.predictit.org/markets/detail/8163,2026-10-07T10:35:52.738479+00:00
8163,How many Senate seats will the GOP control after the 2026 midterms?,31965,50,0.125,0.13,0.12,0.88,0.87,0.13,Open,https://www.predictit.org/markets/detail/8163,2026-10-07T10:35:52.738484+00:00
8163,How many Senate seats will the GOP control after the 2026 midterms?,31970,51,0.08,0.09,0.07,0.93,0.91,0.08,Open,https://www.predictit.org/markets/detail/8163,2026-10-07T10:35:52.738487+00:00
8163,How many Senate seats will the GOP control after the 2026 midterms?,31973,52,0.07,0.08,0.06,0.94,0.92,0.08,Open,https://www.predictit.org/markets/detail/8163,2026-10-07T10:35:52.738491+00:00
8163,How many Senate seats will the GOP control after the 2026 midterms?,31966,53,0.045,0.05,0.04,0.96,0.95,0.04,Open,https://www.predictit.org/markets/detail/8163,2026-10-07T10:35:52.738494+00:00
8163,How many Senate seats will the GOP control after the 2026 midterms?,31972,54,0.025,0.03,0.02,0.98,0.97,0.03,Open,https://www.predictit.org/markets/detail/8163,2026-10-07T10:35:52.738497+00:00
8163,How many Senate seats will the GOP control after the 2026 midterms?,31967,55,0.025,0.03,0.02,0.98,0.97,0.02,Open,https://www.predictit.org/markets/detail/8163,2026-10-07T10:35:52.738501+00:00
8163,How many Senate seats will the GOP control after the 2026 midterms?,31963,56,0.025,0.03,0.02,0.98,0.97,0.02,Open,https://www.predictit.org/markets/detail/8163,2026-10-07T10:35:52.738504+00:00
8163,How many Senate seats will the GOP control after the 2026 midterms?,31971,57 or more,0.025,0.03,0.02,0.98,0.97,0.02,Open,https://www.predictit.org/markets/detail/8163,2026-10-07T10:35:52.738507+00:00
8166,Who will win the 2026 election for governor of California?,31984,Xavier Becerra,0.965,0.97,0.96,0.04,0.03,0.96,Open,https://www.predictit.org/markets/detail/8166,2026-10-07T10:35:52.738511+00:00
8166,Who will win the 2026 election for governor of California?,31986,Steve Hilton,0.045,0.05,0.04,0.96,0.95,0.05,Open,https://www.predictit.org/markets/detail/8166,2026-10-07T10:35:52.738514+00:00
8171,Who will win the 2028 US presidential election?,32018,JD Vance,0.22,0.23,0.21,0.79,0.77,0.17,Open,https://www.predictit.org/markets/detail/8171,2026-10-07T10:35:52.738556+00:00
8171,Who will win the 2028 US presidential election?,32019,A. Ocasio-Cortez,0.13,0.14,0.12,0.88,0.86,0.12,Open,https://www.predictit.org/markets/detail/8171,2026-10-07T10:35:52.738562+00:00
8171,Who will win the 2028 US presidential election?,34386,Jon Ossoff,0.115,0.12,0.11,0.89,0.88,0.11,Open,https://www.predictit.org/markets/detail/8171,2026-10-07T10:35:52.738565+00:00
8171,Who will win the 2028 US presidential election?,32023,Gavin Newsom,0.095,0.1,0.09,0.91,0.9,0.09,Open,https://www.predictit.org/markets/detail/8171,2026-10-07T10:35:52.738569+00:00
8171,Who will win the 2028 US presidential election?,32024,Marco Rubio,0.09,0.1,0.08,0.92,0.9,0.08,Open,https://www.predictit.org/markets/detail/8171,2026-10-07T10:35:52.738572+00:00
8171,Who will win the 2028 US presidential election?,32021,Kamala Harris,0.045,0.05,0.04,0.96,0.95,0.05,Open,https://www.predictit.org/markets/detail/8171,2026-10-07T10:35:52.738575+00:00
8171,Who will win the 2028 US presidential election?,32020,Josh Shapiro,0.04,0.05,0.03,0.97,0.95,0.04,Open,https://www.predictit.org/markets/detail/8171,2026-10-07T10:35:52.738579+00:00
8171,Who will win the 2028 US presidential election?,32022,Pete Buttigieg,0.045,0.05,0.04,0.96,0.95,0.04,Open,https://www.predictit.org/markets/detail/8171,2026-10-07T10:35:52.738584+00:00
8171,Who will win the 2028 US presidential election?,34444,Andy Beshear,0.035,0.04,0.03,0.97,0.96,0.03,Open,https://www.predictit.org/markets/detail/8171,2026-10-07T10:35:52.738587+00:00
8171,Who will win the 2028 US presidential election?,32066,Donald Trump,0.025,0.03,0.02,0.98,0.97,0.02,Open,https://www.predictit.org/markets/detail/8171,2026-10-07T10:35:52.738590+00:00
8171,Who will win the 2028 US presidential election?,32682,JB Pritzker,0.025,0.03,0.02,0.98,0.97,0.02,Open,https://www.predictit.org/markets/detail/8171,2026-10-07T10:35:52.738594+00:00
8171,Who will win the 2028 US presidential election?,32026,Gretchen Whitmer,0.015,0.02,0.01,0.99,0.98,0.01,Open,https://www.predictit.org/markets/detail/8171,2026-10-07T10:35:52.738601+00:00
8172,Which party will win the 2026 US Senate election in Nebraska?,32027,Republican,0.695,0.72,0.67,0.33,0.28,0.7,Open,https://www.predictit.org/markets/detail/8172,2026-10-07T10:35:52.738605+00:00
8172,Which party will win the 2026 US Senate election in Nebraska?,32029,Independent,0.305,0.33,0.28,0.72,0.67,0.3,Open,https://www.predictit.org/markets/detail/8172,2026-10-07T10:35:52.738610+00:00
8173,Which party will win the 2026 US Senate election in Texas?,32031,Democrats (Talarico),0.645,0.66,0.63,0.37,0.34,0.64,Open,https://www.predictit.org/markets/detail/8173,2026-10-07T10:35:52.738618+00:00
8173,Which party will win the 2026 US Senate election in Texas?,32030,Republican (Paxton),0.355,0.36,0.35,0.65,0.64,0.37,Open,https://www.predictit.org/markets/detail/8173,2026-10-07T10:35:52.738623+00:00
8174,Which party will win the 2026 US Senate election in Virginia?,32033,Democratic,0.975,0.98,0.97,0.03,0.02,0.97,Open,https://www.predictit.org/markets/detail/8174,2026-10-07T10:35:52.738627+00:00
8174,Which party will win the 2026 US Senate election in Virginia?,32032,Republican,0.025,0.03,0.02,0.98,0.97,0.02,Open,https://www.predictit.org/markets/detail/8174,2026-10-07T10:35:52.738631+00:00
8175,Which party will win the 2026 US Senate special election in Ohio?,32035,Democratic,0.63,0.64,0.62,0.38,0.36,0.63,Open,https://www.predictit.org/markets/detail/8175,2026-10-07T10:35:52.738634+00:00
8175,Which party will win the 2026 US Senate special election in Ohio?,32034,Republican,0.38,0.39,0.37,0.63,0.61,0.4,Open,https://www.predictit.org/markets/detail/8175,2026-10-07T10:35:52.738638+00:00
8177,Which party will win the 2026 US House election in Maine's 2nd District?,32045,Republican,0.64,0.65,0.63,0.37,0.35,0.6,Open,https://www.predictit.org/markets/detail/8177,2026-10-07T10:35:52.738641+00:00
8177,Which party will win the 2026 US House election in Maine's 2nd District?,32046,Democratic,0.39,0.46,0.32,0.68,0.54,0.53,Open,https://www.predictit.org/markets/detail/8177,2026-10-07T10:35:52.738645+00:00
8181,Which party will win the 2028 US presidential election?,32068,Democratic,0.595,0.6,0.59,0.41,0.4,0.6,Open,https://www.predictit.org/markets/detail/8181,2026-10-07T10:35:52.738648+00:00
8181,Which party will win the 2028 US presidential election?,32067,Republican,0.4,0.41,0.39,0.61,0.59,0.39,Open,https://www.predictit.org/markets/detail/8181,2026-10-07T10:35:52.738652+00:00
8183,Which party will win the 2026 US House election in Nebraska's 2nd District?,32080,Democratic,0.91,0.94,0.88,0.12,0.06,0.93,Open,https://www.predictit.org/markets/detail/8183,2026-10-07T10:35:52.738655+00:00
8183,Which party will win the 2026 US House election in Nebraska's 2nd District?,32079,Republican,0.08,0.1,0.06,0.94,0.9,0.06,Open,https://www.predictit.org/markets/detail/8183,2026-10-07T10:35:52.738661+00:00
8184,Which party will win the 2026 US House race in North Carolina's 1st District?,32082,Democratic,0.635,0.64,0.63,0.37,0.36,0.63,Open,https://www.predictit.org/markets/detail/8184,2026-10-07T10:35:52.738664+00:00
8184,Which party will win the 2026 US House race in North Carolina's 1st District?,32081,Republican,0.345,0.36,0.33,0.67,0.64,0.33,Open,https://www.predictit.org/markets/detail/8184,2026-10-07T10:35:52.738667+00:00
8185,Which party will win the 2026 US House election in New Mexico's 2nd District?,32084,Democratic,0.93,0.96,0.9,0.1,0.04,0.95,Open,https://www.predictit.org/markets/detail/8185,2026-10-07T10:35:52.738671+00:00
8185,Which party will win the 2026 US House election in New Mexico's 2nd District?,32083,Republican,0.065,0.09,0.04,0.96,0.91,0.05,Open,https://www.predictit.org/markets/detail/8185,2026-10-07T10:35:52.738674+00:00
8186,Which party will win the 2026 US House election in New York's 4th District?,32086,Democratic,0.93,0.95,0.91,0.09,0.05,0.91,Open,https://www.predictit.org/markets/detail/8186,2026-10-07T10:35:52.738678+00:00
8186,Which party will win the 2026 US House election in New York's 4th District?,32085,Republican,0.085,0.12,0.05,0.95,0.88,0.05,Open,https://www.predictit.org/markets/detail/8186,2026-10-07T10:35:52.738681+00:00
8187,Which party will win the 2026 US House election in New York's 17th District?,32088,Democratic,0.635,0.67,0.6,0.4,0.33,0.68,Open,https://www.predictit.org/markets/detail/8187,2026-10-07T10:35:52.738684+00:00
8187,Which party will win the 2026 US House election in New York's 17th District?,32087,Republican,0.345,0.37,0.32,0.68,0.63,0.33,Open,https://www.predictit.org/markets/detail/8187,2026-10-07T10:35:52.738688+00:00
8188,Which party will win the 2026 US House election in Washington's 3rd District?,32090,Democratic,0.885,0.93,0.84,0.16,0.07,0.92,Open,https://www.predictit.org/markets/detail/8188,2026-10-07T10:35:52.738691+00:00
8189,Which party will win the 2026 US House election in Arizona's 1st District?,32092,Democratic,0.86,0.88,0.84,0.16,0.12,0.93,Open,https://www.predictit.org/markets/detail/8189,2026-10-07T10:35:52.738700+00:00
8189,Which party will win the 2026 US House election in Arizona's 1st District?,32091,Republican,0.14,0.21,0.07,0.93,0.79,0.06,Open,https://www.predictit.org/markets/detail/8189,2026-10-07T10:35:52.738703+00:00
8190,Which party will win the 2026 US House election in Arizona's 6th District?,32093,Republican,0.19,0.26,0.12,0.88,0.74,0.15,Open,https://www.predictit.org/markets/detail/8190,2026-10-07T10:35:52.738710+00:00
8191,Which party will win the 2026 US House election in Colorado's 8th District?,32096,Democratic,0.795,0.84,0.75,0.25,0.16,0.83,Open,https://www.predictit.org/markets/detail/8191,2026-10-07T10:35:52.738715+00:00
8192,Which party will win the 2026 US House election in Iowa's 1st District?,32098,Democratic,0.85,0.9,0.8,0.2,0.1,0.89,Open,https://www.predictit.org/markets/detail/8192,2026-10-07T10:35:52.738721+00:00
8193,Which party will win the 2026 US House election in Michigan's 7th District?,32099,Republican,0.405,0.42,0.39,0.61,0.58,0.4,Open,https://www.predictit.org/markets/detail/8193,2026-10-07T10:35:52.738732+00:00
8194,Which party will win the 2026 US House election in Pennsylvania's 7th District?,32102,Democratic,0.845,0.9,0.79,0.21,0.1,0.89,Open,https://www.predictit.org/markets/detail/8194,2026-10-07T10:35:52.738736+00:00
8211,Which party will win the 2026 election for governor of Arizona?,32164,Democratic,0.905,0.91,0.9,0.1,0.09,0.91,Open,https://www.predictit.org/markets/detail/8211,2026-10-07T10:35:52.738779+00:00
8211,Which party will win the 2026 election for governor of Arizona?,32163,Republican,0.125,0.16,0.09,0.91,0.84,0.09,Open,https://www.predictit.org/markets/detail/8211,2026-10-07T10:35:52.738782+00:00
8212,Which party will win the 2026 election for governor of Michigan?,32166,Democratic,0.905,0.91,0.9,0.1,0.09,0.89,Open,https://www.predictit.org/markets/detail/8212,2026-10-07T10:35:52.738786+00:00
8212,Which party will win the 2026 election for governor of Michigan?,32165,Republican,0.095,0.1,0.09,0.91,0.9,0.1,Open,https://www.predictit.org/markets/detail/8212,2026-10-07T10:35:52.738789+00:00
8213,Which party will win the 2026 election for governor of Wisconsin?,32168,Democratic,0.76,0.78,0.74,0.26,0.22,0.75,Open,https://www.predictit.org/markets/detail/8213,2026-10-07T10:35:52.738796+00:00
8213,Which party will win the 2026 election for governor of Wisconsin?,32167,Republican,0.225,0.26,0.19,0.81,0.74,0.25,Open,https://www.predictit.org/markets/detail/8213,2026-10-07T10:35:52.738801+00:00
8214,Which party will win the 2026 election for governor of Kansas?,32170,Democratic,0.37,0.44,0.3,0.7,0.56,0.44,Open,https://www.predictit.org/markets/detail/8214,2026-10-07T10:35:52.738807+00:00
8215,Which party will win the 2026 election for governor of New York?,32172,Democratic,0.975,0.98,0.97,0.03,0.02,0.98,Open,https://www.predictit.org/markets/detail/8215,2026-10-07T10:35:52.738811+00:00
8215,Which party will win the 2026 election for governor of New York?,32171,Republican,0.025,0.03,0.02,0.98,0.97,0.02,Open,https://www.predictit.org/markets/detail/8215,2026-10-07T10:35:52.738814+00:00
8228,Which party will win the 2026 US Senate election in Florida?,32195,Republican,0.86,0.88,0.84,0.16,0.12,0.88,Open,https://www.predictit.org/markets/detail/8228,2026-10-07T10:35:52.738817+00:00
8228,Which party will win the 2026 US Senate election in Florida?,32196,Democratic,0.125,0.14,0.11,0.89,0.86,0.12,Open,https://www.predictit.org/markets/detail/8228,2026-10-07T10:35:52.738821+00:00
8245,Who will win the 2026 election for governor of Alaska?,32302,Bernadette Wilson,0.235,0.24,0.23,0.77,0.76,0.23,Open,https://www.predictit.org/markets/detail/8245,2026-10-07T10:35:52.738829+00:00
8246,Who will be the next Supreme Court nominee?,32307,Andrew Oldham,0.175,0.18,0.17,0.83,0.82,0.14,Open,https://www.predictit.org/markets/detail/8246,2026-10-07T10:35:52.738851+00:00
8246,Who will be the next Supreme Court nominee?,32308,Aileen Cannon,0.07,0.08,0.06,0.94,0.92,0.08,Open,https://www.predictit.org/markets/detail/8246,2026-10-07T10:35:52.738854+00:00
8246,Who will be the next Supreme Court nominee?,32303,James Ho,0.105,0.16,0.05,0.95,0.84,0.06,Open,https://www.predictit.org/markets/detail/8246,2026-10-07T10:35:52.738858+00:00
8246,Who will be the next Supreme Court nominee?,32304,Amul Thapar,0.055,0.06,0.05,0.95,0.94,0.03,Open,https://www.predictit.org/markets/detail/8246,2026-10-07T10:35:52.738861+00:00
8246,Who will be the next Supreme Court nominee?,32310,Mike Lee,0.025,0.03,0.02,0.98,0.97,0.02,Open,https://www.predictit.org/markets/detail/8246,2026-10-07T10:35:52.738864+00:00
8246,Who will be the next Supreme Court nominee?,32305,Neomi Rao,0.025,0.03,0.02,0.98,0.97,0.01,Open,https://www.predictit.org/markets/detail/8246,2026-10-07T10:35:52.738869+00:00
8246,Who will be the next Supreme Court nominee?,32309,Emil Bove,0.045,0.05,0.04,0.96,0.95,0.01,Open,https://www.predictit.org/markets/detail/8246,2026-10-07T10:35:52.738876+00:00
8246,Who will be the next Supreme Court nominee?,33695,Ted Cruz,0.035,0.04,0.03,0.97,0.96,0.01,Open,https://www.predictit.org/markets/detail/8246,2026-10-07T10:35:52.738879+00:00
8271,Which party will win the 2026 US Senate election in Alaska?,32430,Democratic,0.72,0.74,0.7,0.3,0.26,0.7,Open,https://www.predictit.org/markets/detail/8271,2026-10-07T10:35:52.738883+00:00
8271,Which party will win the 2026 US Senate election in Alaska?,32429,Republican,0.29,0.31,0.27,0.73,0.69,0.31,Open,https://www.predictit.org/markets/detail/8271,2026-10-07T10:35:52.738886+00:00
8274,Which party will win the 2026 US Senate election in Iowa?,32442,Republican,0.47,0.49,0.45,0.55,0.51,0.49,Open,https://www.predictit.org/markets/detail/8274,2026-10-07T10:35:52.738892+00:00
8274,Which party will win the 2026 US Senate election in Iowa?,32443,Democratic,0.495,0.53,0.46,0.54,0.47,0.46,Open,https://www.predictit.org/markets/detail/8274,2026-10-07T10:35:52.738895+00:00
8297,Which party will win the 2026 election for governor of Minnesota?,32554,Democratic,0.94,0.95,0.93,0.07,0.05,0.92,Open,https://www.predictit.org/markets/detail/8297,2026-10-07T10:35:52.738899+00:00
8297,Which party will win the 2026 election for governor of Minnesota?,32553,Republican,0.08,0.09,0.07,0.93,0.91,0.08,Open,https://www.predictit.org/markets/detail/8297,2026-10-07T10:35:52.738904+00:00
8345,Will Mike Johnson remain Speaker of the House through the 119th Congress?,32831,Will Mike Johnson remain Speaker of the House through the 119th Congress?,0.905,0.96,0.85,0.15,0.04,0.96,Open,https://www.predictit.org/markets/detail/8345,2026-10-07T10:35:52.738907+00:00
8349,Will Chuck Schumer remain the Democratic Leader through the 119th Congress?,32854,Will Chuck Schumer remain the Democratic Leader through the 119th Congress?,0.92,0.93,0.91,0.09,0.07,0.93,Open,https://www.predictit.org/markets/detail/8349,2026-10-07T10:35:52.738911+00:00
8357,Who will win the 2028 Republican presidential primary in New Hampshire?,32893,JD Vance,0.365,0.4,0.33,0.67,0.6,0.41,Open,https://www.predictit.org/markets/detail/8357,2026-10-07T10:35:52.738922+00:00
8357,Who will win the 2028 Republican presidential primary in New Hampshire?,32894,Marco Rubio,0.305,0.32,0.29,0.71,0.68,0.32,Open,https://www.predictit.org/markets/detail/8357,2026-10-07T10:35:52.738927+00:00
8357,Who will win the 2028 Republican presidential primary in New Hampshire?,32896,Brian Kemp,0.025,0.03,0.02,0.98,0.97,0.03,Open,https://www.predictit.org/markets/detail/8357,2026-10-07T10:35:52.738931+00:00
8357,Who will win the 2028 Republican presidential primary in New Hampshire?,32897,Ron DeSantis,0.035,0.04,0.03,0.97,0.96,0.03,Open,https://www.predictit.org/markets/detail/8357,2026-10-07T10:35:52.738934+00:00
8357,Who will win the 2028 Republican presidential primary in New Hampshire?,32898,M. Taylor Greene,0.025,0.03,0.02,0.98,0.97,0.02,Open,https://www.predictit.org/markets/detail/8357,2026-10-07T10:35:52.738937+00:00
8357,Who will win the 2028 Republican presidential primary in New Hampshire?,32912,Tulsi Gabbard,0.015,0.02,0.01,0.99,0.98,0.02,Open,https://www.predictit.org/markets/detail/8357,2026-10-07T10:35:52.738945+00:00
8357,Who will win the 2028 Republican presidential primary in New Hampshire?,32913,Nikki Haley,0.025,0.03,0.02,0.98,0.97,0.02,Open,https://www.predictit.org/markets/detail/8357,2026-10-07T10:35:52.738949+00:00
8357,Who will win the 2028 Republican presidential primary in New Hampshire?,32914,Ted Cruz,0.015,0.02,0.01,0.99,0.98,0.02,Open,https://www.predictit.org/markets/detail/8357,2026-10-07T10:35:52.738953+00:00
8363,Which office will AOC announce a run for by the end of 2027?,32929,President,0.59,0.6,0.58,0.42,0.4,0.58,Open,https://www.predictit.org/markets/detail/8363,2026-10-07T10:35:52.738960+00:00
8363,Which office will AOC announce a run for by the end of 2027?,32930,Senate,0.415,0.42,0.41,0.59,0.58,0.41,Open,https://www.predictit.org/markets/detail/8363,2026-10-07T10:35:52.738963+00:00
8370,Who will be elected Los Angeles mayor in 2026?,34085,Nithya Raman,0.63,0.64,0.62,0.38,0.36,0.64,Open,https://www.predictit.org/markets/detail/8370,2026-10-07T10:35:52.738966+00:00
8370,Who will be elected Los Angeles mayor in 2026?,32979,Karen Bass,0.365,0.38,0.35,0.65,0.62,0.37,Open,https://www.predictit.org/markets/detail/8370,2026-10-07T10:35:52.738970+00:00
8370,Who will be elected Los Angeles mayor in 2026?,33938,Spencer Pratt,0.025,0.03,0.02,0.98,0.97,0.02,Open,https://www.predictit.org/markets/detail/8370,2026-10-07T10:35:52.738973+00:00
8375,Which party will win the 2026 US Senate election in South Carolina?,33005,Republican,0.78,0.82,0.74,0.26,0.18,0.76,Open,https://www.predictit.org/markets/detail/8375,2026-10-07T10:35:52.738995+00:00
8375,Which party will win the 2026 US Senate election in South Carolina?,33006,Democratic,0.21,0.24,0.18,0.82,0.76,0.19,Open,https://www.predictit.org/markets/detail/8375,2026-10-07T10:35:52.738998+00:00
8376,Which party will win the 2026 US Senate election in South Dakota?,33007,Republican,0.965,0.97,0.96,0.04,0.03,0.97,Open,https://www.predictit.org/markets/detail/8376,2026-10-07T10:35:52.739002+00:00
8376,Which party will win the 2026 US Senate election in South Dakota?,33008,Democratic,0.025,0.03,0.02,0.98,0.97,0.01,Open,https://www.predictit.org/markets/detail/8376,2026-10-07T10:35:52.739005+00:00
8377,Which party will win the 2026 US Senate election in Montana?,33009,Republican,0.925,0.93,0.92,0.08,0.07,0.93,Open,https://www.predictit.org/markets/detail/8377,2026-10-07T10:35:52.739009+00:00
8377,Which party will win the 2026 US Senate election in Montana?,33519,Independent,0.085,0.09,0.08,0.92,0.91,0.09,Open,https://www.predictit.org/markets/detail/8377,2026-10-07T10:35:52.739014+00:00
8378,Which party will win the 2026 election for governor of Iowa?,33012,Democratic,0.855,0.87,0.84,0.16,0.13,0.84,Open,https://www.predictit.org/markets/detail/8378,2026-10-07T10:35:52.739020+00:00
8378,Which party will win the 2026 election for governor of Iowa?,33011,Republican,0.14,0.17,0.11,0.89,0.83,0.16,Open,https://www.predictit.org/markets/detail/8378,2026-10-07T10:35:52.739024+00:00
8381,Which party will win the 2026 US Senate election in Massachusetts?,33033,Democratic,0.985,0.99,0.98,0.02,0.01,0.98,Open,https://www.predictit.org/markets/detail/8381,2026-10-07T10:35:52.739027+00:00
8381,Which party will win the 2026 US Senate election in Massachusetts?,33032,Republican,0.05,0.08,0.02,0.98,0.92,0.02,Open,https://www.predictit.org/markets/detail/8381,2026-10-07T10:35:52.739030+00:00
8382,Which party will win the 2026 US Senate election in Rhode Island?,33035,Democratic,0.975,0.99,0.96,0.04,0.01,0.99,Open,https://www.predictit.org/markets/detail/8382,2026-10-07T10:35:52.739034+00:00
8382,Which party will win the 2026 US Senate election in Rhode Island?,33034,Republican,0.03,0.05,0.01,0.99,0.95,0.04,Open,https://www.predictit.org/markets/detail/8382,2026-10-07T10:35:52.739037+00:00
8383,Which party will win the 2026 US Senate election in New Jersey?,33037,Democratic,0.97,0.99,0.95,0.05,0.01,0.98,Open,https://www.predictit.org/markets/detail/8383,2026-10-07T10:35:52.739040+00:00
8383,Which party will win the 2026 US Senate election in New Jersey?,33036,Republican,0.025,0.03,0.02,0.98,0.97,0.02,Open,https://www.predictit.org/markets/detail/8383,2026-10-07T10:35:52.739044+00:00
8384,Which party will win the 2026 US Senate election in Alabama?,33038,Republican,0.95,0.99,0.91,0.09,0.01,0.95,Open,https://www.predictit.org/markets/detail/8384,2026-10-07T10:35:52.739049+00:00
8384,Which party will win the 2026 US Senate election in Alabama?,33039,Democratic,0.05,0.09,0.01,0.99,0.91,0.08,Open,https://www.predictit.org/markets/detail/8384,2026-10-07T10:35:52.739053+00:00
8385,Which party will win the 2026 US Senate election in Tennessee?,33040,Republican,0.945,0.97,0.92,0.08,0.03,0.96,Open,https://www.predictit.org/markets/detail/8385,2026-10-07T10:35:52.739057+00:00
8385,Which party will win the 2026 US Senate election in Tennessee?,33041,Democratic,0.06,0.09,0.03,0.97,0.91,0.04,Open,https://www.predictit.org/markets/detail/8385,2026-10-07T10:35:52.739060+00:00
8386,Which party will win the 2026 US Senate election in Kentucky?,33042,Republican,0.945,0.95,0.94,0.06,0.05,0.95,Open,https://www.predictit.org/markets/detail/8386,2026-10-07T10:35:52.739063+00:00
8386,Which party will win the 2026 US Senate election in Kentucky?,33043,Democratic,0.045,0.05,0.04,0.96,0.95,0.05,Open,https://www.predictit.org/markets/detail/8386,2026-10-07T10:35:52.739067+00:00
8387,Which party will win the 2026 US Senate election in West Virginia?,33044,Republican,0.975,0.99,0.96,0.04,0.01,0.99,Open,https://www.predictit.org/markets/detail/8387,2026-10-07T10:35:52.739072+00:00
8387,Which party will win the 2026 US Senate election in West Virginia?,33045,Democratic,0.02,0.03,0.01,0.99,0.97,0.02,Open,https://www.predictit.org/markets/detail/8387,2026-10-07T10:35:52.739075+00:00
8388,Which party will win the 2026 US Senate election in Mississippi?,33046,Republican,0.91,0.92,0.9,0.1,0.08,0.92,Open,https://www.predictit.org/markets/detail/8388,2026-10-07T10:35:52.739079+00:00
8388,Which party will win the 2026 US Senate election in Mississippi?,33047,Democratic,0.075,0.09,0.06,0.94,0.91,0.1,Open,https://www.predictit.org/markets/detail/8388,2026-10-07T10:35:52.739082+00:00
8389,Which party will win the 2026 US Senate election in Louisiana?,33048,Republican,0.91,0.95,0.87,0.13,0.05,0.93,Open,https://www.predictit.org/markets/detail/8389,2026-10-07T10:35:52.739087+00:00
8390,Which party will win the 2026 US Senate election in Arkansas?,33050,Republican,0.93,0.94,0.92,0.08,0.06,0.94,Open,https://www.predictit.org/markets/detail/8390,2026-10-07T10:35:52.739094+00:00
8390,Which party will win the 2026 US Senate election in Arkansas?,33051,Democratic,0.075,0.08,0.07,0.93,0.92,0.07,Open,https://www.predictit.org/markets/detail/8390,2026-10-07T10:35:52.739097+00:00
8391,Which party will win the 2026 US Senate election in Oklahoma?,33052,Republican,0.97,0.99,0.95,0.05,0.01,0.98,Open,https://www.predictit.org/markets/detail/8391,2026-10-07T10:35:52.739102+00:00
8391,Which party will win the 2026 US Senate election in Oklahoma?,33053,Democratic,0.015,0.02,0.01,0.99,0.98,0.02,Open,https://www.predictit.org/markets/detail/8391,2026-10-07T10:35:52.739106+00:00
8392,Which party will win the 2026 US Senate election in Illinois?,33055,Democratic,0.985,0.99,0.98,0.02,0.01,0.98,Open,https://www.predictit.org/markets/detail/8392,2026-10-07T10:35:52.739109+00:00
8392,Which party will win the 2026 US Senate election in Illinois?,33054,Republican,0.015,0.02,0.01,0.99,0.98,0.02,Open,https://www.predictit.org/markets/detail/8392,2026-10-07T10:35:52.739114+00:00
8395,Which party will win the 2026 US Senate election in Oregon?,33064,Democratic,0.95,0.96,0.94,0.06,0.04,0.94,Open,https://www.predictit.org/markets/detail/8395,2026-10-07T10:35:52.739118+00:00
8395,Which party will win the 2026 US Senate election in Oregon?,33063,Republican,0.05,0.06,0.04,0.96,0.94,0.03,Open,https://www.predictit.org/markets/detail/8395,2026-10-07T10:35:52.739121+00:00
8396,Which party will win the 2026 US Senate election in Kansas?,33065,Republican,0.63,0.65,0.61,0.39,0.35,0.62,Open,https://www.predictit.org/markets/detail/8396,2026-10-07T10:35:52.739126+00:00
8396,Which party will win the 2026 US Senate election in Kansas?,33066,Democratic,0.38,0.39,0.37,0.63,0.61,0.37,Open,https://www.predictit.org/markets/detail/8396,2026-10-07T10:35:52.739130+00:00
8397,Which party will win the 2026 US Senate election in New Mexico?,33068,Democratic,0.955,0.99,0.92,0.08,0.01,0.99,Open,https://www.predictit.org/markets/detail/8397,2026-10-07T10:35:52.739133+00:00
8397,Which party will win the 2026 US Senate election in New Mexico?,33067,Republican,0.04,0.06,0.02,0.98,0.94,0.03,Open,https://www.predictit.org/markets/detail/8397,2026-10-07T10:35:52.739136+00:00
8398,Which party will win the 2026 US Senate election in Colorado?,33070,Democratic,0.96,0.98,0.94,0.06,0.02,0.98,Open,https://www.predictit.org/markets/detail/8398,2026-10-07T10:35:52.739140+00:00
8398,Which party will win the 2026 US Senate election in Colorado?,33069,Republican,0.05,0.08,0.02,0.98,0.92,0.03,Open,https://www.predictit.org/markets/detail/8398,2026-10-07T10:35:52.739143+00:00
8399,Which party will win the 2026 US Senate election in Wyoming?,33071,Republican,0.95,0.99,0.91,0.09,0.01,0.99,Open,https://www.predictit.org/markets/detail/8399,2026-10-07T10:35:52.739147+00:00
8399,Which party will win the 2026 US Senate election in Wyoming?,33072,Democratic,0.03,0.05,0.01,0.99,0.95,0.01,Open,https://www.predictit.org/markets/detail/8399,2026-10-07T10:35:52.739150+00:00
8400,Which party will win the 2026 US Senate election in Idaho?,33073,Republican,0.95,0.96,0.94,0.06,0.04,0.96,Open,https://www.predictit.org/markets/detail/8400,2026-10-07T10:35:52.739154+00:00
8401,Which party will win the 2026 election for governor of Connecticut?,33076,Democratic,0.965,0.97,0.96,0.04,0.03,0.96,Open,https://www.predictit.org/markets/detail/8401,2026-10-07T10:35:52.739161+00:00
8401,Which party will win the 2026 election for governor of Connecticut?,33075,Republican,0.045,0.05,0.04,0.96,0.95,0.04,Open,https://www.predictit.org/markets/detail/8401,2026-10-07T10:35:52.739165+00:00
8402,Which party will win the 2026 election for governor of Vermont?,33077,Republican,0.705,0.75,0.66,0.34,0.25,0.67,Open,https://www.predictit.org/markets/detail/8402,2026-10-07T10:35:52.739168+00:00
8402,Which party will win the 2026 election for governor of Vermont?,33078,Democratic,0.305,0.36,0.25,0.75,0.64,0.35,Open,https://www.predictit.org/markets/detail/8402,2026-10-07T10:35:52.739171+00:00
8403,Which party will win the 2026 election for governor of Massachusetts?,33080,Democratic,0.96,0.97,0.95,0.05,0.03,0.97,Open,https://www.predictit.org/markets/detail/8403,2026-10-07T10:35:52.739175+00:00
8403,Which party will win the 2026 election for governor of Massachusetts?,33079,Republican,0.045,0.05,0.04,0.96,0.95,0.03,Open,https://www.predictit.org/markets/detail/8403,2026-10-07T10:35:52.739178+00:00
8404,Which party will win the 2026 election for governor of Rhode Island?,33082,Democratic,0.975,0.98,0.97,0.03,0.02,0.97,Open,https://www.predictit.org/markets/detail/8404,2026-10-07T10:35:52.739182+00:00
8404,Which party will win the 2026 election for governor of Rhode Island?,33081,Republican,0.045,0.08,0.01,0.99,0.92,0.01,Open,https://www.predictit.org/markets/detail/8404,2026-10-07T10:35:52.739185+00:00
8407,Which party will win the 2026 US Senate election in Delaware?,33096,Democratic,0.98,0.99,0.97,0.03,0.01,0.99,Open,https://www.predictit.org/markets/detail/8407,2026-10-07T10:35:52.739189+00:00
8407,Which party will win the 2026 US Senate election in Delaware?,33095,Republican,0.025,0.04,0.01,0.99,0.96,0.01,Open,https://www.predictit.org/markets/detail/8407,2026-10-07T10:35:52.739192+00:00
8410,Which party will win the 2026 election for governor of Maryland?,33100,Democratic,0.945,0.99,0.9,0.1,0.01,0.98,Open,https://www.predictit.org/markets/detail/8410,2026-10-07T10:35:52.739197+00:00
8410,Which party will win the 2026 election for governor of Maryland?,33099,Republican,0.03,0.04,0.02,0.98,0.96,0.02,Open,https://www.predictit.org/markets/detail/8410,2026-10-07T10:35:52.739201+00:00
8412,Which party will win the 2026 election for governor of Pennsylvania?,33111,Democratic,0.96,0.97,0.95,0.05,0.03,0.96,Open,https://www.predictit.org/markets/detail/8412,2026-10-07T10:35:52.739219+00:00
8412,Which party will win the 2026 election for governor of Pennsylvania?,33110,Republican,0.035,0.04,0.03,0.97,0.96,0.04,Open,https://www.predictit.org/markets/detail/8412,2026-10-07T10:35:52.739223+00:00
8413,Which party will win the 2026 election for governor of Florida?,33112,Republican,0.805,0.81,0.8,0.2,0.19,0.8,Open,https://www.predictit.org/markets/detail/8413,2026-10-07T10:35:52.739228+00:00
8413,Which party will win the 2026 election for governor of Florida?,33113,Democratic,0.225,0.25,0.2,0.8,0.75,0.21,Open,https://www.predictit.org/markets/detail/8413,2026-10-07T10:35:52.739232+00:00
8416,Which party will win the 2026 election for governor of Georgia?,33120,Democratic,0.49,0.51,0.47,0.53,0.49,0.5,Open,https://www.predictit.org/markets/detail/8416,2026-10-07T10:35:52.739237+00:00
8416,Which party will win the 2026 election for governor of Georgia?,33119,Republican,0.505,0.53,0.48,0.52,0.47,0.49,Open,https://www.predictit.org/markets/detail/8416,2026-10-07T10:35:52.739240+00:00
8418,Which party will win the 2026 election for governor of Texas?,33123,Republican,0.72,0.73,0.71,0.29,0.27,0.71,Open,https://www.predictit.org/markets/detail/8418,2026-10-07T10:35:52.739246+00:00
8418,Which party will win the 2026 election for governor of Texas?,33124,Democratic,0.31,0.32,0.3,0.7,0.68,0.3,Open,https://www.predictit.org/markets/detail/8418,2026-10-07T10:35:52.739250+00:00
8419,Which party will win the 2026 election for governor of Nevada?,33125,Republican,0.495,0.51,0.48,0.52,0.49,0.51,Open,https://www.predictit.org/markets/detail/8419,2026-10-07T10:35:52.739255+00:00
8419,Which party will win the 2026 election for governor of Nevada?,33126,Democratic,0.515,0.54,0.49,0.51,0.46,0.5,Open,https://www.predictit.org/markets/detail/8419,2026-10-07T10:35:52.739258+00:00
8441,Which party will win the 2026 election for governor of Ohio?,33213,Democratic,0.63,0.65,0.61,0.39,0.35,0.65,Open,https://www.predictit.org/markets/detail/8441,2026-10-07T10:35:52.739262+00:00
8441,Which party will win the 2026 election for governor of Ohio?,33212,Republican,0.385,0.39,0.38,0.62,0.61,0.39,Open,https://www.predictit.org/markets/detail/8441,2026-10-07T10:35:52.739265+00:00
8442,Will the House pass any articles of impeachment by the end of 2026?,33214,Will the House pass any articles of impeachment by the end of 2026?,0.07,0.08,0.06,0.94,0.92,0.07,Open,https://www.predictit.org/markets/detail/8442,2026-10-07T10:35:52.739268+00:00
8447,Will Missouri pass an anti-redistricting referendum in 2026?,33239,Will Missouri pass an anti-redistricting referendum in 2026?,0.79,0.8,0.78,0.22,0.2,0.8,Open,https://www.predictit.org/markets/detail/8447,2026-10-07T10:35:52.739295+00:00
8448,Which party will win the 2026 election for governor of Alabama?,33240,Republican,0.89,0.92,0.86,0.14,0.08,0.84,Open,https://www.predictit.org/markets/detail/8448,2026-10-07T10:35:52.739299+00:00
8448,Which party will win the 2026 election for governor of Alabama?,33241,Democratic,0.115,0.15,0.08,0.92,0.85,0.15,Open,https://www.predictit.org/markets/detail/8448,2026-10-07T10:35:52.739303+00:00
8457,Will Trump leave office early?,33280,Will Trump leave office early?,0.38,0.39,0.37,0.63,0.61,0.39,Open,https://www.predictit.org/markets/detail/8457,2026-10-07T10:35:52.739307+00:00
8460,Which party will win the 2026 election for governor of Colorado?,33289,Democratic,0.965,0.97,0.96,0.04,0.03,0.97,Open,https://www.predictit.org/markets/detail/8460,2026-10-07T10:35:52.739310+00:00
8460,Which party will win the 2026 election for governor of Colorado?,33288,Republican,0.035,0.04,0.03,0.97,0.96,0.03,Open,https://www.predictit.org/markets/detail/8460,2026-10-07T10:35:52.739313+00:00
8461,When will the House impeach Trump again?,33290,Before 2027,0.025,0.03,0.02,0.98,0.97,0.02,Open,https://www.predictit.org/markets/detail/8461,2026-10-07T10:35:52.739317+00:00
8461,When will the House impeach Trump again?,33293,1/1/27 -6/30/27,0.54,0.55,0.53,0.47,0.45,0.55,Open,https://www.predictit.org/markets/detail/8461,2026-10-07T10:35:52.739322+00:00
8461,When will the House impeach Trump again?,33291,7/1/27-12/31/27,0.16,0.17,0.15,0.85,0.83,0.16,Open,https://www.predictit.org/markets/detail/8461,2026-10-07T10:35:52.739328+00:00
8461,When will the House impeach Trump again?,33294,1/1/28 -6/30/28,0.075,0.08,0.07,0.93,0.92,0.07,Open,https://www.predictit.org/markets/detail/8461,2026-10-07T10:35:52.739331+00:00
8461,When will the House impeach Trump again?,33292,7/1/28-1/20/29,0.035,0.04,0.03,0.97,0.96,0.04,Open,https://www.predictit.org/markets/detail/8461,2026-10-07T10:35:52.739335+00:00
8461,When will the House impeach Trump again?,33311,Not by 1/20/29,0.25,0.27,0.23,0.77,0.73,0.24,Open,https://www.predictit.org/markets/detail/8461,2026-10-07T10:35:52.739338+00:00
8474,Which party will win the 2026 election for governor of New Mexico?,33335,Democratic,0.925,0.96,0.89,0.11,0.04,0.96,Open,https://www.predictit.org/markets/detail/8474,2026-10-07T10:35:52.739348+00:00
8474,Which party will win the 2026 election for governor of New Mexico?,33334,Republican,0.095,0.11,0.08,0.92,0.89,0.08,Open,https://www.predictit.org/markets/detail/8474,2026-10-07T10:35:52.739353+00:00
8479,How many vetoes will Trump issue in 2026?,33360,2 vetoes,0.105,0.15,0.06,0.94,0.85,0.08,Open,https://www.predictit.org/markets/detail/8479,2026-10-07T10:35:52.739364+00:00
8479,How many vetoes will Trump issue in 2026?,33359,3 vetoes,0.07,0.11,0.03,0.97,0.89,0.04,Open,https://www.predictit.org/markets/detail/8479,2026-10-07T10:35:52.739367+00:00
8479,How many vetoes will Trump issue in 2026?,33358,4 or more  vetoes,0.07,0.09,0.05,0.95,0.91,0.05,Open,https://www.predictit.org/markets/detail/8479,2026-10-07T10:35:52.739370+00:00
8480,Will Congress override a veto in 2026?,33363,Will Congress override a veto in 2026?,0.05,0.07,0.03,0.97,0.93,0.03,Open,https://www.predictit.org/markets/detail/8480,2026-10-07T10:35:52.739374+00:00
8485,Will Congress confirm a Supreme Court justice in 2026?,33390,Will Congress confirm a Supreme Court justice in 2026?,0.14,0.17,0.11,0.89,0.83,0.17,Open,https://www.predictit.org/markets/detail/8485,2026-10-07T10:35:52.739377+00:00
8486,Will Trump visit Greenland in 2026?,33391,Will Trump visit Greenland in 2026?,0.155,0.16,0.15,0.85,0.84,0.15,Open,https://www.predictit.org/markets/detail/8486,2026-10-07T10:35:52.739381+00:00
8488,Will any country announce that it is leaving NATO in 2026?,33394,Will any country announce that it is leaving NATO in 2026?,0.03,0.04,0.02,0.98,0.96,0.04,Open,https://www.predictit.org/markets/detail/8488,2026-10-07T10:35:52.739384+00:00
8491,Will the US purchase and annex any land in Greenland in 2026?,33405,Will the US purchase and annex any land in Greenland in 2026?,0.045,0.06,0.03,0.97,0.94,0.05,Open,https://www.predictit.org/markets/detail/8491,2026-10-07T10:35:52.739388+00:00
8493,Will the US purchase Greenland in 2026?,33416,Will the US purchase Greenland in 2026?,0.015,0.02,0.01,0.99,0.98,0.02,Open,https://www.predictit.org/markets/detail/8493,2026-10-07T10:35:52.739392+00:00
8494,Will Greenland hold an independence referendum in 2026?,33417,Will Greenland hold an independence referendum in 2026?,0.04,0.05,0.03,0.97,0.95,0.03,Open,https://www.predictit.org/markets/detail/8494,2026-10-07T10:35:52.739397+00:00
8521,How many tie-breaking Senate votes will JD Vance cast in 2026?,33503,1 vote,0.125,0.16,0.09,0.91,0.84,0.15,Open,https://www.predictit.org/markets/detail/8521,2026-10-07T10:35:52.739402+00:00
8521,How many tie-breaking Senate votes will JD Vance cast in 2026?,33502,2 votes,0.3,0.37,0.23,0.77,0.63,0.36,Open,https://www.predictit.org/markets/detail/8521,2026-10-07T10:35:52.739405+00:00
8521,How many tie-breaking Senate votes will JD Vance cast in 2026?,33505,3 votes,0.17,0.19,0.15,0.85,0.81,0.15,Open,https://www.predictit.org/markets/detail/8521,2026-10-07T10:35:52.739409+00:00
8521,How many tie-breaking Senate votes will JD Vance cast in 2026?,33506,4 votes,0.105,0.11,0.1,0.9,0.89,0.12,Open,https://www.predictit.org/markets/detail/8521,2026-10-07T10:35:52.739412+00:00
8521,How many tie-breaking Senate votes will JD Vance cast in 2026?,33507,5 votes,0.09,0.11,0.07,0.93,0.89,0.06,Open,https://www.predictit.org/markets/detail/8521,2026-10-07T10:35:52.739416+00:00
8521,How many tie-breaking Senate votes will JD Vance cast in 2026?,33501,6 votes,0.075,0.1,0.05,0.95,0.9,0.06,Open,https://www.predictit.org/markets/detail/8521,2026-10-07T10:35:52.739419+00:00
8521,How many tie-breaking Senate votes will JD Vance cast in 2026?,33504,7 votes,0.045,0.06,0.03,0.97,0.94,0.11,Open,https://www.predictit.org/markets/detail/8521,2026-10-07T10:35:52.739422+00:00
8521,How many tie-breaking Senate votes will JD Vance cast in 2026?,33500,8 votes,0.035,0.04,0.03,0.97,0.96,0.05,Open,https://www.predictit.org/markets/detail/8521,2026-10-07T10:35:52.739425+00:00
8521,How many tie-breaking Senate votes will JD Vance cast in 2026?,33508,9 votes,0.035,0.04,0.03,0.97,0.96,0.03,Open,https://www.predictit.org/markets/detail/8521,2026-10-07T10:35:52.739429+00:00
8521,How many tie-breaking Senate votes will JD Vance cast in 2026?,33509,10 or more votes,0.025,0.03,0.02,0.98,0.97,0.03,Open,https://www.predictit.org/markets/detail/8521,2026-10-07T10:35:52.739433+00:00
8533,Which of these 10 Asian leaders will leave office next?,33570,Xi Jinping,0.125,0.16,0.09,0.91,0.84,0.09,Open,https://www.predictit.org/markets/detail/8533,2026-10-07T10:35:52.739443+00:00
8533,Which of these 10 Asian leaders will leave office next?,33573,Narendra Modi,0.035,0.05,0.02,0.98,0.95,0.04,Open,https://www.predictit.org/markets/detail/8533,2026-10-07T10:35:52.739452+00:00
8533,Which of these 10 Asian leaders will leave office next?,33579,Kim Jong Un,0.07,0.11,0.03,0.97,0.89,0.04,Open,https://www.predictit.org/markets/detail/8533,2026-10-07T10:35:52.739455+00:00
8533,Which of these 10 Asian leaders will leave office next?,33571,Sanae Takaichi,0.04,0.06,0.02,0.98,0.94,0.02,Open,https://www.predictit.org/markets/detail/8533,2026-10-07T10:35:52.739458+00:00
8533,Which of these 10 Asian leaders will leave office next?,33575,M. b. Z. Al Nahyan,0.03,0.04,0.02,0.98,0.96,0.02,Open,https://www.predictit.org/markets/detail/8533,2026-10-07T10:35:52.739468+00:00
8540,Will Stephen Miller leave office in 2026?,33611,Will Stephen Miller leave office in 2026?,0.115,0.12,0.11,0.89,0.88,0.12,Open,https://www.predictit.org/markets/detail/8540,2026-10-07T10:35:52.739471+00:00
8544,Who will win the 2026 Brazilian presidential election?,33624,Flávio Bolsonaro,0.85,0.86,0.84,0.16,0.14,0.84,Open,https://www.predictit.org/markets/detail/8544,2026-10-07T10:35:52.739475+00:00
8544,Who will win the 2026 Brazilian presidential election?,33623,Luiz Inácio Lula,0.16,0.17,0.15,0.85,0.83,0.18,Open,https://www.predictit.org/markets/detail/8544,2026-10-07T10:35:52.739478+00:00
8549,Will Trump pardon Elon Musk in 2026?,33641,Will Trump pardon Elon Musk in 2026?,0.045,0.06,0.03,0.97,0.94,0.03,Open,https://www.predictit.org/markets/detail/8549,2026-10-07T10:35:52.739484+00:00
8559,Will Trump pardon Nicolás Maduro or commute his sentence in 2026?,33677,Will Trump pardon Nicolás Maduro or commute his sentence in 2026?,0.02,0.03,0.01,0.99,0.97,0.01,Open,https://www.predictit.org/markets/detail/8559,2026-10-07T10:35:52.739487+00:00
8570,Will Jon Ossoff announce a run for President before 2028?,33724,Will John Ossoff announce a run for President before 2028?,0.865,0.87,0.86,0.14,0.13,0.86,Open,https://www.predictit.org/markets/detail/8570,2026-10-07T10:35:52.739491+00:00
8582,Will the Senate pass the SAVE Act before the Midterms?,33782,Will the Senate pass the SAVE Act before the Midterms?,0.02,0.03,0.01,0.99,0.97,0.02,Open,https://www.predictit.org/markets/detail/8582,2026-10-07T10:35:52.739494+00:00
8587,Who will replace Christine Lagarde at the European Central Bank?,33820,P. Hernández de Cos,0.155,0.2,0.11,0.89,0.8,0.1,Open,https://www.predictit.org/markets/detail/8587,2026-10-07T10:35:52.739507+00:00
8587,Who will replace Christine Lagarde at the European Central Bank?,33821,Klaas Knot,0.115,0.13,0.1,0.9,0.87,0.1,Open,https://www.predictit.org/markets/detail/8587,2026-10-07T10:35:52.739510+00:00
8591,Will Prince Andrew testify publicly before Congress in 2026?,33827,Will Prince Andrew testify publicly before Congress in 2026?,0.02,0.03,0.01,0.99,0.97,0.02,Open,https://www.predictit.org/markets/detail/8591,2026-10-07T10:35:52.739516+00:00
8600,What will be the balance of power in Congress after the 2026 election?,33866,Dem. House & Senate,0.645,0.65,0.64,0.36,0.35,0.64,Open,https://www.predictit.org/markets/detail/8600,2026-10-07T10:35:52.739523+00:00
8600,What will be the balance of power in Congress after the 2026 election?,33867,"D House, R Senate",0.31,0.32,0.3,0.7,0.68,0.3,Open,https://www.predictit.org/markets/detail/8600,2026-10-07T10:35:52.739527+00:00
8600,What will be the balance of power in Congress after the 2026 election?,33868,Rep. House & Senate,0.095,0.1,0.09,0.91,0.9,0.09,Open,https://www.predictit.org/markets/detail/8600,2026-10-07T10:35:52.739530+00:00
8600,What will be the balance of power in Congress after the 2026 election?,33869,"R House, D Senate",0.015,0.02,0.01,0.99,0.98,0.01,Open,https://www.predictit.org/markets/detail/8600,2026-10-07T10:35:52.739534+00:00
8635,How many House and Senate seats will Dems control after the 2026 midterms?,34042,≤47 and ≤217,0.065,0.07,0.06,0.94,0.93,0.06,Open,https://www.predictit.org/markets/detail/8635,2026-10-07T10:35:52.739539+00:00
8635,How many House and Senate seats will Dems control after the 2026 midterms?,34046,≤47 and 218-232,0.025,0.03,0.02,0.98,0.97,0.02,Open,https://www.predictit.org/markets/detail/8635,2026-10-07T10:35:52.739542+00:00
8635,How many House and Senate seats will Dems control after the 2026 midterms?,34047,≤47 and ≥233,0.015,0.02,0.01,0.99,0.98,0.01,Open,https://www.predictit.org/markets/detail/8635,2026-10-07T10:35:52.739546+00:00
8635,How many House and Senate seats will Dems control after the 2026 midterms?,34043,48-50 and ≤217,0.015,0.02,0.01,0.99,0.98,0.01,Open,https://www.predictit.org/markets/detail/8635,2026-10-07T10:35:52.739549+00:00
8635,How many House and Senate seats will Dems control after the 2026 midterms?,34048,48-50 and 218-232,0.215,0.23,0.2,0.8,0.77,0.22,Open,https://www.predictit.org/markets/detail/8635,2026-10-07T10:35:52.739554+00:00
8635,How many House and Senate seats will Dems control after the 2026 midterms?,34051,48-50 and 233-247,0.065,0.07,0.06,0.94,0.93,0.06,Open,https://www.predictit.org/markets/detail/8635,2026-10-07T10:35:52.739557+00:00
8635,How many House and Senate seats will Dems control after the 2026 midterms?,34044,48-50 and ≥248 ,0.015,0.02,0.01,0.99,0.98,0.02,Open,https://www.predictit.org/markets/detail/8635,2026-10-07T10:35:52.739561+00:00
8635,How many House and Senate seats will Dems control after the 2026 midterms?,34050,51-53 and ≤232,0.105,0.11,0.1,0.9,0.89,0.1,Open,https://www.predictit.org/markets/detail/8635,2026-10-07T10:35:52.739564+00:00
8635,How many House and Senate seats will Dems control after the 2026 midterms?,34045,51-53 and 233-247,0.33,0.35,0.31,0.69,0.65,0.28,Open,https://www.predictit.org/markets/detail/8635,2026-10-07T10:35:52.739567+00:00
8635,How many House and Senate seats will Dems control after the 2026 midterms?,34041,51-53 and ≥248 ,0.055,0.06,0.05,0.95,0.94,0.06,Open,https://www.predictit.org/markets/detail/8635,2026-10-07T10:35:52.739571+00:00
8635,How many House and Senate seats will Dems control after the 2026 midterms?,34049,≥54 and ≤232,0.025,0.03,0.02,0.98,0.97,0.03,Open,https://www.predictit.org/markets/detail/8635,2026-10-07T10:35:52.739576+00:00
8635,How many House and Senate seats will Dems control after the 2026 midterms?,34052,≥54 and 233-247,0.085,0.09,0.08,0.92,0.91,0.09,Open,https://www.predictit.org/markets/detail/8635,2026-10-07T10:35:52.739579+00:00
8635,How many House and Senate seats will Dems control after the 2026 midterms?,34053,≥54 and ≥248,0.105,0.11,0.1,0.9,0.89,0.11,Open,https://www.predictit.org/markets/detail/8635,2026-10-07T10:35:52.739587+00:00
8643,Who will be the Prime Minister of Israel after the 2026 election?,34099,Naftali Bennett,0.105,0.15,0.06,0.94,0.85,0.15,Open,https://www.predictit.org/markets/detail/8643,2026-10-07T10:35:52.739600+00:00
8643,Who will be the Prime Minister of Israel after the 2026 election?,34100,Avigdor Lieberman,0.055,0.06,0.05,0.95,0.94,0.05,Open,https://www.predictit.org/markets/detail/8643,2026-10-07T10:35:52.739604+00:00
8656,Which of these Democratic candidates will announce a 2028 POTUS run first?,34170,Andy Beshear,0.195,0.23,0.16,0.84,0.77,0.19,Open,https://www.predictit.org/markets/detail/8656,2026-10-07T10:35:52.739628+00:00
8656,Which of these Democratic candidates will announce a 2028 POTUS run first?,34163,Kamala Harris,0.125,0.17,0.08,0.92,0.83,0.11,Open,https://www.predictit.org/markets/detail/8656,2026-10-07T10:35:52.739631+00:00
8656,Which of these Democratic candidates will announce a 2028 POTUS run first?,34164,Pete Buttigieg,0.115,0.12,0.11,0.89,0.88,0.1,Open,https://www.predictit.org/markets/detail/8656,2026-10-07T10:35:52.739635+00:00
8656,Which of these Democratic candidates will announce a 2028 POTUS run first?,34165,A. Ocasio-Cortez,0.075,0.09,0.06,0.94,0.91,0.09,Open,https://www.predictit.org/markets/detail/8656,2026-10-07T10:35:52.739638+00:00
8656,Which of these Democratic candidates will announce a 2028 POTUS run first?,34169,Josh Shapiro,0.115,0.13,0.1,0.9,0.87,0.09,Open,https://www.predictit.org/markets/detail/8656,2026-10-07T10:35:52.739642+00:00
8656,Which of these Democratic candidates will announce a 2028 POTUS run first?,34167,JB Pritzker,0.08,0.09,0.07,0.93,0.91,0.08,Open,https://www.predictit.org/markets/detail/8656,2026-10-07T10:35:52.739647+00:00
8656,Which of these Democratic candidates will announce a 2028 POTUS run first?,34172,Mark Kelly,0.065,0.08,0.05,0.95,0.92,0.06,Open,https://www.predictit.org/markets/detail/8656,2026-10-07T10:35:52.739650+00:00
8656,Which of these Democratic candidates will announce a 2028 POTUS run first?,34168,Gretchen Whitmer,0.035,0.04,0.03,0.97,0.96,0.03,Open,https://www.predictit.org/markets/detail/8656,2026-10-07T10:35:52.739653+00:00
8656,Which of these Democratic candidates will announce a 2028 POTUS run first?,34171,Jon Ossoff,0.115,0.19,0.04,0.96,0.81,0.01,Open,https://www.predictit.org/markets/detail/8656,2026-10-07T10:35:52.739657+00:00
8660,Will a law restricting sports trades on prediction markets be enacted in 2026?,34188,Will a law restricting sports trades on prediction markets be enacted in 2026?,0.03,0.04,0.02,0.98,0.96,0.06,Open,https://www.predictit.org/markets/detail/8660,2026-10-07T10:35:52.739660+00:00
8688,Will Tucker Carlson announce a run for President before 2028?,34354,Will Tucker Carlson announce a run for President before 2028?,0.185,0.25,0.12,0.88,0.75,0.25,Open,https://www.predictit.org/markets/detail/8688,2026-10-07T10:35:52.739666+00:00
8697,Will Pete Hegseth leave office in 2026?,34409,Will Pete Hegseth leave office in 2026?,0.255,0.27,0.24,0.76,0.73,0.27,Open,https://www.predictit.org/markets/detail/8697,2026-10-07T10:35:52.739670+00:00
8701,Will the US announce in 2026 it is closing a military base in Germany or Spain?,34429,Will the US announce in 2026 it is closing a military base in Germany or Spain?,0.115,0.18,0.05,0.95,0.82,0.19,Open,https://www.predictit.org/markets/detail/8701,2026-10-07T10:35:52.739673+00:00
8707,Will Trump meet with Pope Leo in 2026?,34445,Will Trump meet with Pope Leo in 2026?,0.04,0.05,0.03,0.97,0.95,0.05,Open,https://www.predictit.org/markets/detail/8707,2026-10-07T10:35:52.739682+00:00
8744,Who will win the Republican nomination in the LA-05 House primary?,34600,Blake Miguez,0.045,0.05,0.04,0.96,0.95,0.05,Open,https://www.predictit.org/markets/detail/8744,2026-10-07T10:35:52.739688+00:00
8766,Who will win the next French presidential election?,34694,Marine Le Pen,0.565,0.57,0.56,0.44,0.43,0.56,Open,https://www.predictit.org/markets/detail/8766,2026-10-07T10:35:52.739701+00:00
8766,Who will win the next French presidential election?,34698,Gabriel Attal,0.045,0.07,0.02,0.98,0.93,0.09,Open,https://www.predictit.org/markets/detail/8766,2026-10-07T10:35:52.739712+00:00
8766,Who will win the next French presidential election?,34691,Jordan Bardella,0.03,0.04,0.02,0.98,0.96,0.02,Open,https://www.predictit.org/markets/detail/8766,2026-10-07T10:35:52.739715+00:00
8799,Who will win the 2028 Democratic vice presidential nomination?,34824,Gretchen Whitmer,0.1,0.12,0.08,0.92,0.88,0.12,Open,https://www.predictit.org/markets/detail/8799,2026-10-07T10:35:52.739740+00:00
8799,Who will win the 2028 Democratic vice presidential nomination?,34822,A. Ocasio-Cortez,0.085,0.09,0.08,0.92,0.91,0.08,Open,https://www.predictit.org/markets/detail/8799,2026-10-07T10:35:52.739744+00:00
8799,Who will win the 2028 Democratic vice presidential nomination?,34827,Wes Moore,0.055,0.07,0.04,0.96,0.93,0.08,Open,https://www.predictit.org/markets/detail/8799,2026-10-07T10:35:52.739747+00:00
8799,Who will win the 2028 Democratic vice presidential nomination?,34826,Andy Beshear,0.05,0.07,0.03,0.97,0.93,0.06,Open,https://www.predictit.org/markets/detail/8799,2026-10-07T10:35:52.739752+00:00
8799,Who will win the 2028 Democratic vice presidential nomination?,34825,Josh Shapiro,0.04,0.05,0.03,0.97,0.95,0.05,Open,https://www.predictit.org/markets/detail/8799,2026-10-07T10:35:52.739755+00:00
8799,Who will win the 2028 Democratic vice presidential nomination?,34830,Jon Ossoff,0.055,0.06,0.05,0.95,0.94,0.05,Open,https://www.predictit.org/markets/detail/8799,2026-10-07T10:35:52.739758+00:00
8799,Who will win the 2028 Democratic vice presidential nomination?,34821,Pete Buttigieg,0.035,0.04,0.03,0.97,0.96,0.04,Open,https://www.predictit.org/markets/detail/8799,2026-10-07T10:35:52.739762+00:00
8799,Who will win the 2028 Democratic vice presidential nomination?,34828,Cory Booker,0.035,0.04,0.03,0.97,0.96,0.03,Open,https://www.predictit.org/markets/detail/8799,2026-10-07T10:35:52.739765+00:00
8799,Who will win the 2028 Democratic vice presidential nomination?,34829,Ruben Gallego,0.03,0.04,0.02,0.98,0.96,0.03,Open,https://www.predictit.org/markets/detail/8799,2026-10-07T10:35:52.739768+00:00
8799,Who will win the 2028 Democratic vice presidential nomination?,34823,James Talarico,0.02,0.03,0.01,0.99,0.97,0.02,Open,https://www.predictit.org/markets/detail/8799,2026-10-07T10:35:52.739771+00:00
8800,Who will win the 2028 Republican vice presidential nomination?,34835,Marco Rubio,0.24,0.3,0.18,0.82,0.7,0.23,Open,https://www.predictit.org/markets/detail/8800,2026-10-07T10:35:52.739775+00:00
8800,Who will win the 2028 Republican vice presidential nomination?,34837,Ron DeSantis,0.105,0.15,0.06,0.94,0.85,0.06,Open,https://www.predictit.org/markets/detail/8800,2026-10-07T10:35:52.739778+00:00
8800,Who will win the 2028 Republican vice presidential nomination?,34831,JD Vance,0.06,0.08,0.04,0.96,0.92,0.05,Open,https://www.predictit.org/markets/detail/8800,2026-10-07T10:35:52.739781+00:00
8800,Who will win the 2028 Republican vice presidential nomination?,34836,Glenn Youngkin,0.065,0.08,0.05,0.95,0.92,0.05,Open,https://www.predictit.org/markets/detail/8800,2026-10-07T10:35:52.739786+00:00
8800,Who will win the 2028 Republican vice presidential nomination?,34834,Donald Trump Jr.,0.03,0.04,0.02,0.98,0.96,0.03,Open,https://www.predictit.org/markets/detail/8800,2026-10-07T10:35:52.739790+00:00
8800,Who will win the 2028 Republican vice presidential nomination?,34833,Ted Cruz,0.02,0.03,0.01,0.99,0.97,0.02,Open,https://www.predictit.org/markets/detail/8800,2026-10-07T10:35:52.739793+00:00
8800,Who will win the 2028 Republican vice presidential nomination?,34832,Tulsi Gabbard,0.025,0.04,0.01,0.99,0.96,0.01,Open,https://www.predictit.org/markets/detail/8800,2026-10-07T10:35:52.739796+00:00
8800,Who will win the 2028 Republican vice presidential nomination?,34838,Pete Hegseth,0.03,0.05,0.01,0.99,0.95,0.01,Open,https://www.predictit.org/markets/detail/8800,2026-10-07T10:35:52.739799+00:00
8804,Will crypto regulation (Clarity Act) be enacted in 2026?,34867,Will crypto regulation (Clarity Act) be enacted in 2026?,0.125,0.15,0.1,0.9,0.85,0.15,Open,https://www.predictit.org/markets/detail/8804,2026-10-07T10:35:52.739803+00:00
8818,Will Trump's Anti-Weaponization Fund begin payouts this year?,34953,Will Trump's Anti-Weaponization Fund begin payouts this year?,0.045,0.05,0.04,0.96,0.95,0.04,Open,https://www.predictit.org/markets/detail/8818,2026-10-07T10:35:52.739806+00:00
8831,Will Kash Patel leave office in 2026?,35035,Will Kash Patel leave office in 2026?,0.135,0.16,0.11,0.89,0.84,0.14,Open,https://www.predictit.org/markets/detail/8831,2026-10-07T10:35:52.739812+00:00
8838,Will Cuba's leader leave office by year-end?,35058,Will Cuba's leader leave office by year-end?,0.06,0.09,0.03,0.97,0.91,0.12,Open,https://www.predictit.org/markets/detail/8838,2026-10-07T10:35:52.739816+00:00
8850,Who will be the next Cabinet member to leave office?,35135,Howard Lutnick,0.135,0.19,0.08,0.92,0.81,0.08,Open,https://www.predictit.org/markets/detail/8850,2026-10-07T10:35:52.739838+00:00
8850,Who will be the next Cabinet member to leave office?,35127,Lee Zeldin,0.04,0.07,0.01,0.99,0.93,0.07,Open,https://www.predictit.org/markets/detail/8850,2026-10-07T10:35:52.739841+00:00
8850,Who will be the next Cabinet member to leave office?,35123,Scott Bessent,0.05,0.06,0.04,0.96,0.94,0.04,Open,https://www.predictit.org/markets/detail/8850,2026-10-07T10:35:52.739849+00:00
8850,Who will be the next Cabinet member to leave office?,35122,Marco Rubio,0.045,0.06,0.03,0.97,0.94,0.03,Open,https://www.predictit.org/markets/detail/8850,2026-10-07T10:35:52.739854+00:00
8850,Who will be the next Cabinet member to leave office?,35132,Markwayne Mullin,0.045,0.07,0.02,0.98,0.93,0.03,Open,https://www.predictit.org/markets/detail/8850,2026-10-07T10:35:52.739857+00:00
8850,Who will be the next Cabinet member to leave office?,35134,Chris Wright,0.055,0.08,0.03,0.97,0.92,0.03,Open,https://www.predictit.org/markets/detail/8850,2026-10-07T10:35:52.739860+00:00
8850,Who will be the next Cabinet member to leave office?,35125,Doug Burgum,0.025,0.03,0.02,0.98,0.97,0.02,Open,https://www.predictit.org/markets/detail/8850,2026-10-07T10:35:52.739865+00:00
8850,Who will be the next Cabinet member to leave office?,35126,Brooke Rollins,0.025,0.04,0.01,0.99,0.96,0.02,Open,https://www.predictit.org/markets/detail/8850,2026-10-07T10:35:52.739869+00:00
8850,Who will be the next Cabinet member to leave office?,35130,Sean Duffy,0.025,0.03,0.02,0.98,0.97,0.02,Open,https://www.predictit.org/markets/detail/8850,2026-10-07T10:35:52.739873+00:00
8850,Who will be the next Cabinet member to leave office?,35133,Russell Vought,0.03,0.04,0.02,0.98,0.96,0.02,Open,https://www.predictit.org/markets/detail/8850,2026-10-07T10:35:52.739878+00:00
8850,Who will be the next Cabinet member to leave office?,35136,Linda McMahon,0.065,0.11,0.02,0.98,0.89,0.02,Open,https://www.predictit.org/markets/detail/8850,2026-10-07T10:35:52.739882+00:00
8850,Who will be the next Cabinet member to leave office?,35139,Kelly Loeffler,0.04,0.07,0.01,0.99,0.93,0.02,Open,https://www.predictit.org/markets/detail/8850,2026-10-07T10:35:52.739885+00:00
8850,Who will be the next Cabinet member to leave office?,35129,Scott Turner,0.015,0.02,0.01,0.99,0.98,0.01,Open,https://www.predictit.org/markets/detail/8850,2026-10-07T10:35:52.739888+00:00
8850,Who will be the next Cabinet member to leave office?,35137,John Ratcliffe,0.025,0.04,0.01,0.99,0.96,0.01,Open,https://www.predictit.org/markets/detail/8850,2026-10-07T10:35:52.739893+00:00
8850,Who will be the next Cabinet member to leave office?,35138,Jamieson Greer,0.025,0.04,0.01,0.99,0.96,0.01,Open,https://www.predictit.org/markets/detail/8850,2026-10-07T10:35:52.739896+00:00
8856,What will be the national vote margin in the 2026 House midterms?,35170,Democrats ≥15%,0.085,0.1,0.07,0.93,0.9,0.09,Open,https://www.predictit.org/markets/detail/8856,2026-10-07T10:35:52.739902+00:00
8856,What will be the national vote margin in the 2026 House midterms?,35169,Democrats 12-15%,0.125,0.16,0.09,0.91,0.84,0.11,Open,https://www.predictit.org/markets/detail/8856,2026-10-07T10:35:52.739906+00:00
8856,What will be the national vote margin in the 2026 House midterms?,35171,Democrats 9-12%,0.355,0.39,0.32,0.68,0.61,0.35,Open,https://www.predictit.org/markets/detail/8856,2026-10-07T10:35:52.739909+00:00
8856,What will be the national vote margin in the 2026 House midterms?,35172,Democrats 6-9%,0.37,0.39,0.35,0.65,0.61,0.35,Open,https://www.predictit.org/markets/detail/8856,2026-10-07T10:35:52.739913+00:00
8856,What will be the national vote margin in the 2026 House midterms?,35173,Democrats 3-6%,0.145,0.17,0.12,0.88,0.83,0.14,Open,https://www.predictit.org/markets/detail/8856,2026-10-07T10:35:52.739916+00:00
8856,What will be the national vote margin in the 2026 House midterms?,35174,Democrats 0-3%,0.045,0.05,0.04,0.96,0.95,0.04,Open,https://www.predictit.org/markets/detail/8856,2026-10-07T10:35:52.739919+00:00
8856,What will be the national vote margin in the 2026 House midterms?,35175,Republicans 0-3%,0.015,0.02,0.01,0.99,0.98,0.01,Open,https://www.predictit.org/markets/detail/8856,2026-10-07T10:35:52.739922+00:00
8856,What will be the national vote margin in the 2026 House midterms?,35176,Republicans >3%,0.015,0.02,0.01,0.99,0.98,0.01,Open,https://www.predictit.org/markets/detail/8856,2026-10-07T10:35:52.739927+00:00
8870,Will any US federal judge be impeached in 2026?,35257,Will any US federal judge be impeached in 2026?,0.115,0.18,0.05,0.95,0.82,0.24,Open,https://www.predictit.org/markets/detail/8870,2026-10-07T10:35:52.739942+00:00
8879,Will both Raphael Warnock and Jon Ossoff remain US senators through year-end?,35310,Will both Raphael Warnock and Jon Ossoff remain US senators through year-end?,0.97,0.99,0.95,0.05,0.01,0.98,Open,https://www.predictit.org/markets/detail/8879,2026-10-07T10:35:52.739952+00:00
8881,Will permanent daylight saving time be enacted in 2026?,35320,Will permanent daylight saving time be enacted in 2026?,0.125,0.17,0.08,0.92,0.83,0.17,Open,https://www.predictit.org/markets/detail/8881,2026-10-07T10:35:52.739955+00:00
8890,Which of these 10 European leaders will leave office next?,35355,Friedrich Merz,0.19,0.25,0.13,0.87,0.75,0.26,Open,https://www.predictit.org/markets/detail/8890,2026-10-07T10:35:52.739966+00:00
8911,Will a woman be elected US president in 2028?,35475,Will a woman be elected US president in 2028?,0.165,0.24,0.09,0.91,0.76,0.07,Open,https://www.predictit.org/markets/detail/8911,2026-10-07T10:35:52.740019+00:00
8926,Will Mitch McConnell resign in 2026?,35534,Will Mitch McConnell resign in 2026?,0.16,0.23,0.09,0.91,0.77,0.23,Open,https://www.predictit.org/markets/detail/8926,2026-10-07T10:35:52.740041+00:00
8935,Who will be the next White House press secretary in 2026?,35573,Anna Kelly,0.205,0.23,0.18,0.82,0.77,0.22,Open,https://www.predictit.org/markets/detail/8935,2026-10-07T10:35:52.740052+00:00
8935,Who will be the next White House press secretary in 2026?,35572,Scott Jennings,0.17,0.2,0.14,0.86,0.8,0.2,Open,https://www.predictit.org/markets/detail/8935,2026-10-07T10:35:52.740057+00:00
8935,Who will be the next White House press secretary in 2026?,35719,Maria Bartiromo,0.11,0.17,0.05,0.95,0.83,0.17,Open,https://www.predictit.org/markets/detail/8935,2026-10-07T10:35:52.740061+00:00
8935,Who will be the next White House press secretary in 2026?,35823,Danielle Alvarez,0.08,0.1,0.06,0.94,0.9,0.1,Open,https://www.predictit.org/markets/detail/8935,2026-10-07T10:35:52.740064+00:00
8935,Who will be the next White House press secretary in 2026?,35670,Elizabeth Pipko,0.055,0.08,0.03,0.97,0.92,0.08,Open,https://www.predictit.org/markets/detail/8935,2026-10-07T10:35:52.740068+00:00
8935,Who will be the next White House press secretary in 2026?,35669,Margo Martin,0.05,0.07,0.03,0.97,0.93,0.07,Open,https://www.predictit.org/markets/detail/8935,2026-10-07T10:35:52.740071+00:00
8935,Who will be the next White House press secretary in 2026?,35571,Alina Habba,0.05,0.06,0.04,0.96,0.94,0.06,Open,https://www.predictit.org/markets/detail/8935,2026-10-07T10:35:52.740074+00:00
8939,Which 2026 Senate race will be the closest?,35605,Iowa,0.215,0.22,0.21,0.79,0.78,0.21,Open,https://www.predictit.org/markets/detail/8939,2026-10-07T10:35:52.740080+00:00
8939,Which 2026 Senate race will be the closest?,35606,Texas,0.165,0.18,0.15,0.85,0.82,0.16,Open,https://www.predictit.org/markets/detail/8939,2026-10-07T10:35:52.740084+00:00
8939,Which 2026 Senate race will be the closest?,35603,Maine,0.16,0.17,0.15,0.85,0.83,0.15,Open,https://www.predictit.org/markets/detail/8939,2026-10-07T10:35:52.740087+00:00
8939,Which 2026 Senate race will be the closest?,35601,Ohio,0.1,0.11,0.09,0.91,0.89,0.1,Open,https://www.predictit.org/markets/detail/8939,2026-10-07T10:35:52.740092+00:00
8939,Which 2026 Senate race will be the closest?,35602,Alaska,0.09,0.11,0.07,0.93,0.89,0.1,Open,https://www.predictit.org/markets/detail/8939,2026-10-07T10:35:52.740095+00:00
8939,Which 2026 Senate race will be the closest?,35604,Michigan,0.105,0.11,0.1,0.9,0.89,0.1,Open,https://www.predictit.org/markets/detail/8939,2026-10-07T10:35:52.740098+00:00
8939,Which 2026 Senate race will be the closest?,35600,New Hampshire,0.035,0.04,0.03,0.97,0.96,0.04,Open,https://www.predictit.org/markets/detail/8939,2026-10-07T10:35:52.740101+00:00
8939,Which 2026 Senate race will be the closest?,35598,Georgia,0.035,0.04,0.03,0.97,0.96,0.03,Open,https://www.predictit.org/markets/detail/8939,2026-10-07T10:35:52.740105+00:00
8939,Which 2026 Senate race will be the closest?,35599,North Carolina,0.025,0.03,0.02,0.98,0.97,0.02,Open,https://www.predictit.org/markets/detail/8939,2026-10-07T10:35:52.740108+00:00
8955,Which 2026 race will be the tipping point for Senate control?,35717,Iowa,0.18,0.25,0.11,0.89,0.75,0.02,Open,https://www.predictit.org/markets/detail/8955,2026-10-07T10:35:52.740146+00:00
8955,Which 2026 race will be the tipping point for Senate control?,35715,Maine,0.19,0.26,0.12,0.88,0.74,0.0,Open,https://www.predictit.org/markets/detail/8955,2026-10-07T10:35:52.740149+00:00
8983,Will Canada become an EU Associate Member by year-end 2027?,35852,Will Canada become an EU Associate Member by year-end 2027?,0.11,0.17,0.05,0.95,0.83,0.04,Open,https://www.predictit.org/markets/detail/8983,2026-10-07T10:35:52.740251+00:00
